Date,dewpoint_2m_temperature,maximum_2m_air_temperature,mean_2m_air_temperature,mean_sea_level_pressure,minimum_2m_air_temperature,surface_pressure,total_precipitation,u_component_of_wind_10m,v_component_of_wind_10m,NDVI,X,Name
2006_01_02,266.67091398486343,274.7252738088314,271.04181688885456,102533.92767549523,268.8070729701367,93259.93877180843,0.0,0.16942719282283497,0.008266655639451267,0.10303142050371268,0.008630748901098903,林州市
2006_01_06,253.3882410884873,271.6041919035216,265.90091717533136,103406.33934315977,261.548344666605,93858.13432392768,0.0,2.5415604546071244,-0.6884486074546322,0.10346894869775343,0.025892246703296703,林州市
2006_01_07,256.3592457010396,272.90605862419983,268.1205711244553,102945.7379717015,262.2518361979358,93562.12800960275,1.862645149230957e-09,1.2063818412622043,0.4386424437801978,0.17000883633037428,0.030207621153846155,林州市
2006_01_08,257.95043082566974,276.2675202243959,269.54511779022266,102434.76115089946,263.69153755312476,93170.77074682826,4.377216100692749e-08,2.096173571934065,-0.03273916283630376,0.18969587259345574,0.03452299560439561,林州市
2006_01_09,259.1584551709874,278.706137790314,271.55118193634564,102060.96392798638,264.5931602726908,92948.63682515807,1.955777406692505e-08,1.6301139126421396,0.6349941766474548,0.22102771611854805,0.03883837005494505,林州市
2006_01_10,262.3920954941116,277.04450480642475,271.18547775224454,102421.7806475541,266.9170267172699,93122.22824846067,1.599811933341646e-08,-0.28156472592243076,-1.0147431697432854,0.0322073707912335,0.04315374450549451,林州市
2006_01_11,265.31225308619565,273.326854767619,270.3422808612718,102575.14076842878,267.2061618490109,93190.15919336761,2.110474845537835e-05,-0.3406778508281872,-0.7538667005622852,0.1363593003951562,0.04746911895604396,林州市
2006_01_13,268.55587896388676,277.52141860319057,272.252692479812,102330.41176401888,269.0342995995533,93144.39839094534,0.0,0.36965002225983956,0.28799572877351914,0.09605204210918324,0.056099867857142854,林州市
2006_01_14,267.34090060424876,277.3183128800676,272.8891410533617,102162.66106243705,269.2035115735214,92989.22167300349,0.0,1.0180946416532277,0.6742924404648821,0.08511408909815284,0.06041524230769231,林州市
2006_01_15,265.85399681724925,279.71577635467435,274.4802288615466,102035.69495952826,270.0611232586814,92859.0235045365,1.988644146172444e-06,0.18623012631114344,0.07047931146537427,0.143048978586219,0.06473061675824175,林州市
2006_01_16,268.1761090063944,274.9732597710422,271.93066082718724,102463.66561865159,269.7624048789499,93126.92275632046,0.0009178477670010384,-0.833656908470831,-0.801203616354732,0.08869157328430323,0.06904599120879122,林州市
2006_01_21,263.74265766110835,273.8726207391028,268.59063522617885,102778.10115053471,264.52174767899663,93436.3924438953,7.2718235025733146e-06,0.8271135775881175,-0.3269767481665089,0.02308934024310595,0.09062286346153847,林州市
2006_01_23,265.05448264322047,275.07074953953855,270.56372266833023,103170.10581619643,266.013024562572,93804.63174037532,0.0,1.2175269992841746,1.3032289971515467,0.07770279167892961,0.09925361236263736,林州市
2006_01_24,266.21884241353575,276.1442242517551,271.7676532763827,103030.74595189361,266.85670204621533,93716.40801978669,0.0,1.0344815784938082,0.21166110446338374,0.07999897233014626,0.10356898681318681,林州市
2006_01_25,266.9226986622254,274.5493726498798,270.2532137793199,103237.47572899684,267.2003904693604,93888.08661792868,3.1087113712788726e-08,0.5327499547723215,0.0007214615623406608,0.03834509225548592,0.10788436126373628,林州市
2006_01_26,264.84781867149775,279.17539482180894,272.6596696639238,102438.72489245959,266.9437024320373,93316.37040885507,0.0,1.6340028705747411,0.1951697318611632,0.10148305340376487,0.11219973571428571,林州市
2006_01_27,267.8966513219198,277.26788266711674,273.1040202794597,102314.3597002539,270.11583383987875,93089.97487590958,0.00014560138274499328,-0.4052531549365004,0.15424813269377316,0.18308509051656607,0.11651511016483516,林州市
2006_01_28,269.7230180281618,276.5795035179357,271.9848384771741,101723.90248156709,268.6952749035187,92551.52250622142,2.1570853894440726e-06,0.6224353482009601,0.8210269425603205,0.05983190097750972,0.12083048461538462,林州市
2006_02_02,260.9391967070074,273.7243503960639,268.2961702285156,103914.9463536539,262.1571086244155,94329.07984322672,0.00024169729729848623,-2.011524528464282,-1.6065592659863352,0.05137644241383115,0.14240735686813186,林州市
2006_02_03,255.85032905976723,267.88290794662964,264.8066890217341,104447.37501348999,262.0700492551223,94711.01131754891,3.1402018665330766e-06,-0.4975620048215626,0.6363843873940629,0.17599204308592942,0.14672273131868133,林州市
2006_02_04,264.1858851852031,273.2985432300287,270.0880266964217,103496.30633051948,263.6135260083729,94011.76983366546,0.0014369699392098201,-0.07529203633038874,0.9646195678533763,0.10587594049531054,0.15103810576923077,林州市
2006_02_06,259.9110915948577,276.4743161444894,271.62177624962317,102368.55686198523,266.4158145677941,93052.91063388932,2.0655945962376296e-07,4.019842262912953,-1.8236591131492397,0.18252560699697362,0.15966885467032968,林州市
2006_02_07,260.2440354643427,276.53942108745787,270.5419086505457,103524.71042518332,265.6825857209697,94031.75289402135,0.0,0.2865227382635926,-0.8682820036401142,0.22810612091206522,0.16398422912087912,林州市
2006_02_08,259.95647784611356,271.8132786702882,267.62530615127605,104112.30969127954,264.80882161407595,94507.51491161126,0.0,0.19487148166414786,0.5422558241824643,0.17049761933042812,0.16829960357142856,林州市
2006_02_09,262.39528237999167,279.15644173082467,273.2656545931362,102519.31026674276,265.3257379807688,93309.03435396399,1.862645149230957e-09,3.0661575916342163,0.16478158861097947,0.18061898725193107,0.17261497802197803,林州市
2006_02_10,266.3738895747009,284.90340632430014,276.270458246502,101615.27389257238,270.2579636919268,92630.07266146757,4.470348358154297e-08,2.250693740993214,0.04307633563351089,0.22151674243013855,0.17693035247252747,林州市
2006_02_11,270.0351694041874,281.23842180233777,275.2617768055831,102331.483721922,270.99646187854944,93187.12266770563,4.284083843231201e-08,0.1332236843165511,0.21570286413413506,0.0495998656282556,0.18124572692307694,林州市
2006_02_12,272.35118169599775,283.1265045195545,277.17602788977973,101763.31632752166,272.2722459915349,92764.59599337487,0.0,1.9915378625954385,2.1855927664011237,0.19422778054846043,0.18556110137362639,林州市
2006_02_13,270.74645293645517,286.3354693328844,279.0811069864863,101002.5027866593,274.4626133541913,92167.80271993075,0.0,2.9951926156507116,-0.27772284730027175,0.15055969778545142,0.18987647582417583,林州市
2006_02_14,267.14428072972703,285.67238559654834,278.9538926351706,101834.97224419414,272.52683014331825,92815.00507326545,6.747776255966756e-05,1.1268781260189968,-0.5907201477851192,0.21480446464799158,0.1941918502747253,林州市
2006_02_15,263.89453752933144,281.5950512380896,276.597946453079,102431.8463989996,270.9707101225392,93243.11644983129,1.809079556147078e-05,1.2613515125612562,-1.6197544698613813,0.14498123767806972,0.1985072247252747,林州市
2006_02_17,257.7035060834736,277.94872180272347,273.7541244021094,103076.94998259156,268.8522020542231,93764.65114796083,1.8376454961127034e-07,1.600395004243283,0.48305812903711237,0.21136216992200318,0.20713797362637362,林州市
2006_02_18,261.4167256410693,281.18591676239333,274.3848472101387,102278.82156295779,268.46526983002576,93135.62996816241,0.0,1.8407463694157735,0.2182193288154303,0.20336190380333194,0.21145334807692306,林州市
2006_02_19,261.21688853883524,283.2477472938924,275.89669012906717,101986.48781092708,269.0431745285073,92932.13697790816,0.0,2.0633406227892572,0.5453739125057337,0.2239891672858189,0.21576872252747256,林州市
2006_02_20,270.2153128174195,287.9553703835816,280.56629801616594,101245.90690069541,272.0434995827103,92361.40435678372,1.862645149230957e-09,1.894172788235496,1.6199773223766407,0.22421205165258257,0.22008409697802198,林州市
2006_02_22,263.968286047111,280.5799679244385,275.1585639881762,102802.09851342037,270.0976761740251,93589.58698559827,6.784478553375781e-06,0.8899266051972068,0.8983808356683239,0.20538717398002726,0.2287148458791209,林州市
2006_02_24,269.3845181188089,283.54862282444617,277.43732378425295,102035.52791419349,272.19841663826713,92975.24468215143,3.66849649418044e-05,1.1114576325278738,1.9244994927192658,0.17568147418558688,0.23734559478021977,林州市
2006_02_28,261.4963074333559,275.42058302336636,270.80084108087726,102911.4643931174,266.9802486060248,93584.85309842564,2.7529897745202943e-06,2.416154732956971,-1.0202586749425506,0.02402728601431381,0.2546070925824176,林州市
2006_03_01,261.2410660277927,281.7265099773959,275.0361360611635,102315.15725865452,268.7440761803699,93158.74376291527,0.0,2.5490183157504074,-0.5746753603767476,0.07211916724585447,0.258922467032967,林州市
2006_03_02,266.47315025753966,280.72745031461625,275.37570027866934,101941.22575177747,271.30929203028745,92833.32222731019,0.0,0.30487220929640924,0.7987311128493303,0.2267172892344536,0.2632378414835165,林州市
2006_03_03,270.7014445018291,285.64627578434823,279.94661010378184,101506.31776265724,272.6155706492959,92585.82424062918,3.3325567060932066e-06,1.772496787973815,1.050077939638867,0.21874505502206393,0.26755321593406595,林州市
2006_03_04,266.70317553014286,289.179523570561,280.87255146699056,101488.28824868097,273.2483277152327,92632.0668133844,0.0,1.5879651560472166,0.361082398272794,0.21902315952370727,0.27186859038461536,林州市
2006_03_05,268.5584011022777,290.9232568932676,282.62321062827857,101751.17370018525,273.3646478465155,92846.09374296082,1.003951689463047e-05,0.8500234010964621,-0.2780987090343701,0.20643612688914303,0.2761839648351649,林州市
2006_03_06,268.9342912658513,280.791602171132,277.08644867219,102003.90919105672,272.67088567216007,92970.11515224543,0.0,0.42016512531744293,-0.1656992188100486,0.18578249681224054,0.2804993392857143,林州市
2006_03_07,274.09969272501047,291.0930013075811,283.22259860435423,101788.49672279987,277.11088030120266,92880.10238113914,0.002792128913724074,-0.32661298314794357,-0.6377027087552799,0.22359781506032828,0.2848147137362637,林州市
2006_03_12,253.56071238261688,274.6139491116256,271.05918910069806,103372.04395561476,268.0734091671342,93909.48087310103,0.0,1.8039599289331736,-1.4406315515791186,0.22015437312856398,0.306391585989011,林州市
2006_03_13,256.45173484733124,281.52953378105866,276.34417568012645,102464.43946618651,270.5907344444669,93289.1628816881,0.0,2.8700699005418837,-1.0425984698189577,0.30027964532942497,0.3107069604395604,林州市
2006_03_14,263.67648836039837,285.1914060782538,279.80764307177526,101793.80141064269,274.8894145193514,92794.46045913958,0.0,1.7769726872256992,0.6939583924950453,0.2182868771759431,0.3150223348901099,林州市
2006_03_15,259.7823928758024,283.9796441323869,279.3772765631214,101066.23264688444,274.5413464578713,92107.84472945493,0.0,4.047889553098667,-1.477303483101311,0.14692200988586457,0.31933770934065936,林州市
2006_03_16,267.3090018771567,290.78431442049555,282.89495261978493,100798.8324090394,276.07202478841134,92012.69065602662,5.535188595149757e-07,1.5528060581907466,1.2543406454412593,0.2555162039428178,0.3236530837912088,林州市
2006_03_17,266.1583267778268,289.9770955333695,284.73364019258764,100966.95369266189,278.00354794162337,92157.43597086417,2.1435920856527818e-05,2.090418321172556,-1.1308290461814205,0.24088703296907227,0.32796845824175824,林州市
2006_03_19,269.850068027032,288.3729071967489,282.50116240740743,101335.32404802332,276.4428787049509,92480.60532533888,0.0,1.7171379886573916,2.196797794716764,0.18048656229679685,0.3365992071428571,林州市
2006_03_23,265.2548979319804,285.3875084901352,280.80959740427124,101506.85051126116,276.6749046123629,92549.7178105395,2.57764083340244e-05,0.1743039950254516,0.36533835277382626,0.22914109048257336,0.35386070494505495,林州市
2006_03_24,264.3730280633584,289.67063143135283,282.6096544776869,101272.75085465059,275.90303322911024,92458.0847362856,3.653840888873059e-07,2.524921912158248,-1.0602197701407525,0.2805747293234291,0.3581760793956044,林州市
2006_03_25,263.4883726670383,291.2750409804513,283.7556300362237,101516.03215769498,276.55993699842594,92618.43732996646,0.0,0.8955507052080142,-1.3646621610224579,0.21974533269663615,0.3624914538461539,林州市
2006_03_26,265.4229322919775,287.10627006484054,281.1719663787954,101352.4134793405,276.5348701238389,92481.83201428938,0.0,1.1916626286655914,0.28290822171712815,0.24603869121350305,0.3668068282967033,林州市
2006_03_27,266.4759489948701,291.4740842616745,280.7642974874553,101633.26277853857,272.27743507096227,92617.78342209318,1.1585439218241894e-07,1.629808112532463,-1.7810700946390399,0.263832001871767,0.37112220274725277,林州市
2006_03_28,262.2803015588765,285.5333666649754,279.3159451378846,101686.03090399248,274.8017735787167,92736.69810770656,0.0,2.381483978931756,0.35067644291885663,0.2689908826420813,0.37543757719780224,林州市
2006_03_29,267.25917917371,294.58264908933575,285.9372546176931,101046.1198355261,278.0047081440923,92305.4366516034,0.0,2.7040310398684286,-0.4973170087182166,0.30613111503935975,0.37975295164835166,林州市
2006_03_30,273.63965048784786,290.2837012155511,285.27965868995955,101239.2734887173,281.7935664124028,92456.7201389836,0.0,0.2358404942624432,0.7561882431827412,0.24463068722298117,0.38406832609890107,林州市
2006_03_31,279.6651564723293,295.4507223040403,289.46742159952686,100385.90441756116,283.8657252020128,91731.7857954626,1.784610442817127e-05,1.1939245306041506,1.7082382153524864,0.1704136091218491,0.3883837005494506,林州市
2006_04_02,272.0279052152992,295.865422817151,288.8488398147025,100626.48771237132,281.53760660370176,91952.31425674011,1.3563170579422891e-05,2.306458942799221,1.6299611012169166,0.3463682229219145,0.3970144494505494,林州市
2006_04_06,272.18042721141563,292.302413832116,286.63658512935154,100915.27364584997,282.33752519084175,92193.93468988895,0.0008276191095855207,3.9641105358434574,-0.36233363727637397,0.2808331923779079,0.41427594725274725,林州市
2006_04_07,276.6625434937396,296.0409672388239,289.03498848460754,100926.87929149112,282.62489744805663,92232.8707905976,0.00027140706286311525,0.8626824933910227,0.806098705903751,0.09713836767784392,0.4185913217032967,林州市
2006_04_08,278.2203003299987,290.79495025243347,286.19872397840624,100884.42952436961,282.13182862802626,92135.35808537394,0.00010797093974492127,-0.8761011157299425,-0.4906183343764563,0.236493345399438,0.42290669615384613,林州市
2006_04_10,282.5724813928153,295.3423790841255,289.2116905109403,100445.49276025152,284.22551403197775,91783.70901249276,0.00021381283353170128,0.38535703016340656,1.945318570095648,0.24235308608932976,0.4315374450549451,林州市
2006_04_15,273.01990677033774,291.51353917494055,285.7401745504933,101789.50217984829,279.73795648339404,92922.03035849227,6.7041361038749724e-06,1.105300393843053,-1.6241562715590196,0.27995015701122467,0.4531143173076923,林州市
2006_04_16,276.7760809917584,292.0746008620648,287.49498487932254,100920.23637596615,281.2640891348579,92186.56167041259,7.749045095887395e-05,2.2936353727099776,2.2181830607875526,0.10584062970872689,0.4574296917582418,林州市
2006_04_17,278.1660544548902,297.02586981589815,290.03277627850974,100691.89304359046,283.9352036813276,92042.25847220558,0.0008380930613051348,2.702541363718507,1.0908784102188598,0.239639545163856,0.46174506620879124,林州市
2006_04_18,273.06177229780724,295.71465826436616,289.23526057767214,101156.68758638002,281.20161482131374,92413.25408700517,0.00018195604167463417,2.1260032448220785,-1.2586975642892262,0.1988595135996282,0.46606044065934066,林州市
2006_04_19,268.56094417129236,289.3984756185449,284.38699084523455,102022.28653327216,278.15339014733723,93103.00066132701,0.0,1.1155205062522628,-0.7994842656719686,0.30946913916023416,0.4703758151098901,林州市
2006_04_20,273.72449389397235,290.74037008598975,285.81541790624135,101342.44652398261,281.9665663428673,92525.42196909637,0.00016700099164747547,0.7795928544825013,1.9390311804682296,0.3444039683756084,0.47469118956043954,林州市
2006_04_22,274.9893890080939,292.77966708852483,287.4022256795899,100917.68515775468,281.34676451021255,92172.83766252828,0.0,1.1111748803367203,0.4856529752428759,0.2567078420577444,0.4833219384615385,林州市
2006_04_23,269.3547748647156,293.20878915984395,286.2072852026722,101295.11176413334,279.82820733500733,92532.37353583673,0.0,2.2721270690507653,-0.8629683934315019,0.40952596799905516,0.48763731291208795,林州市
2006_04_24,275.3998282403853,294.96993833063647,289.53157670025763,101041.3887983761,285.89241677743223,92317.61056082576,8.70471727375423e-05,0.035057505166168755,1.7020535871300313,0.392966886048569,0.49195268736263736,林州市
2006_04_26,276.0006874148573,296.6775006643228,290.5924025265919,101161.56902402586,283.2083178703415,92423.21302948741,0.0,1.8715132947186162,-1.9913941843316003,0.34368207279660945,0.5005834362637362,林州市
2006_04_27,279.5533353277469,291.16111720775984,287.48308643310247,101339.18534675897,284.01677523796013,92558.68707392603,0.0004207344612785157,0.8684451068823157,1.2890000946331888,0.3483396914172114,0.5048988107142858,林州市
2006_04_28,272.24729072129253,295.842453771518,289.237636943874,100375.50944452737,282.6108698557018,91740.2361723322,0.0002492262051626731,3.238193979914449,-0.38858973503765915,0.34569029585640615,0.5092141851648352,林州市
2006_04_29,280.1775044582317,302.186559901486,295.5036314373613,99569.41972529795,288.57354439236326,91110.25958464085,0.0,3.496577028117802,1.0060388071790425,0.41604771151966463,0.5135295596153846,林州市
2006_04_30,283.9874401059483,307.1064984663521,297.87458027185187,99746.0580464746,289.1787390495982,91277.62919758233,4.284083843231201e-08,1.1689284117710448,-0.3926199882208241,0.34245779968702844,0.517844934065934,林州市
2006_05_01,276.4345764852076,292.7840604831206,289.08813915972485,101086.60404596567,285.87675254152055,92336.99353306452,1.5156329995596617e-06,-1.4951244421876133,-2.900666920389637,0.19342966359518085,0.5221603085164835,林州市
2006_05_02,279.84083049164406,292.11245549885405,289.14942066080226,101350.55682578214,286.00558921100844,92589.37126303441,3.261061291448419e-06,-0.16844883539140992,1.0573997398971131,0.17425593245679474,0.526475682967033,林州市
2006_05_03,286.8458247349927,297.1215274247978,292.96662562097123,100871.07951343637,289.69023788474584,92214.30968074143,0.00023449432551363625,0.6683165987873313,2.0222223738584053,0.40482539821201663,0.5307910574175825,林州市
2006_05_05,284.25629204118945,291.2447642288644,288.0418185051817,101194.8102744422,283.82759956602905,92427.25873269288,0.0031765667844401474,-0.9529188681890092,-2.9199244728320792,0.3071714528161482,0.5394218063186813,林州市
2006_05_06,283.59689704628,297.6910957536515,290.9736201878503,100949.62799646887,285.24687533252813,92284.35463492644,0.00015487025929435605,0.5395410686057706,0.7777992430476985,0.4436057901268104,0.5437371807692307,林州市
2006_05_08,287.7842769422207,297.5075803454309,292.82435040087364,100964.97941390688,289.58606174828867,92286.3910479884,3.000498226616316e-05,-0.6689184604364471,1.748839215888095,0.43589651151428954,0.5523679296703298,林州市
2006_05_10,276.65910648075527,290.977801958203,287.7656926325749,102135.07940483824,284.5829197278405,93282.53256730174,5.367431745433048e-07,-2.1095307456642742,-0.6115838386383589,0.44544168670648243,0.5609986785714286,林州市
2006_05_13,273.2927304177892,293.85672086984846,288.6290395570234,102068.34473528377,283.79833480848384,93258.13350667524,1.4511262317992542e-05,2.641673594011314,-1.5838336622913178,0.4798131773106425,0.573944801923077,林州市
2006_05_14,273.42154826259343,298.0147594945003,290.96591690341796,101360.27082880145,284.0339627787065,92659.707118655,6.845702788680445e-06,2.853666357929826,-0.28785720174822366,0.49081922203472383,0.5782601763736265,林州市
2006_05_15,276.45671100221614,300.2621396454143,292.65673409654744,100997.6810175819,285.69598063815823,92357.03137758031,4.284083843231201e-08,2.332702113648938,0.44085933503453234,0.4458436590903229,0.5825755508241759,林州市
2006_05_16,282.4426363587729,301.1328331989096,294.82541320409047,100905.92000703956,289.066099101451,92280.12031746848,0.0005342860806283858,1.992516987278271,1.9044138220797675,0.43067975418357746,0.5868909252747253,林州市
2006_05_17,282.43915679453045,297.1232330175069,292.73040228583386,101214.14032135128,288.22404738772207,92528.9877507424,6.147094477994218e-07,-0.42663701370109547,-0.5932794759618303,0.30254353315710975,0.5912062997252747,林州市
2006_05_18,287.1810610055807,300.55744359804373,294.56661868150474,100558.7226865918,289.3708597428341,91960.70471466878,0.00031113203513453926,1.7630563082999997,1.9052216779145923,0.31850623568121417,0.5955216741758241,林州市
2006_05_19,288.10531904673155,302.3192292715415,295.88038108815397,100356.25586886886,289.9242663902878,91779.4462614079,0.0007519424650769709,-0.060117800379745547,0.7096292297809395,0.4333728506231174,0.5998370486263735,林州市
2006_05_22,283.247069730366,295.2460795055791,289.98897791082743,100966.33575689617,285.1676259769446,92279.78765162142,0.0010072547936911854,1.4352487767051312,0.01922867739417614,0.5067042036288759,0.612783171978022,林州市
2006_05_23,284.0259047509407,300.53408735455764,294.17169258333445,100812.69007795352,288.9867386739011,92193.45295843588,1.862645149230957e-09,1.3352573405660002,1.0668704680703303,0.5135277040690962,0.6170985464285714,林州市
2006_05_27,280.48905830945046,294.9855522597853,288.4109304305762,101006.35914998935,283.0578874112997,92291.63080028119,1.1751177204777322e-05,0.34490100421918884,-1.950735655646438,0.46852687668606097,0.6343600442307693,林州市
2006_05_28,281.59773064723566,298.6999383054859,291.84970314690764,100702.56069114292,284.5261330283099,92070.17086876823,0.0,0.6771701657487667,0.40038214880074585,0.4514948590709555,0.6386754186813187,林州市
2006_05_29,284.0829059087121,302.0979515319268,295.26474223445933,100304.98387691293,289.5758254549513,91753.95640039854,1.462600155858466e-05,1.7739744483042656,1.4330677474966296,0.4539718939746118,0.6429907931318681,林州市
2006_05_30,284.7656764767808,303.3010707838863,295.7128821433244,100497.16421607963,288.16049574501545,91923.36311199063,0.0002417337299723146,1.2399001497276954,2.3935602149279434,0.4458999684571831,0.6473061675824175,林州市
2006_05_31,285.2582762988678,299.7891820168035,294.3819159871719,100836.70316843092,288.9242806891795,92204.92563914625,0.0,0.47779808277650904,2.572031132031822,0.4246299739539572,0.6516215420329671,林州市
2006_06_01,286.5680344588997,299.90392846027345,295.0779000487618,100933.79186461479,290.16228537765704,92293.62108104819,0.0,-0.3523966392516852,2.467702594965812,0.4670828814442623,0.6559369164835165,林州市
2006_06_04,285.62650661224797,300.3765083387216,294.66940517552933,100585.4302197878,289.8606173022893,91985.53300102132,0.0,0.19971539935075425,1.4548158705100234,0.41413330569182816,0.6688830398351648,林州市
2006_06_05,284.8163002269096,300.1368028982788,294.24707421081683,100565.62070435297,287.81184354311586,91964.4058445131,0.0,0.7941791945202094,1.862308193162626,0.34954389516152434,0.6731984142857143,林州市
2006_06_06,284.71297893112023,300.9289880243427,295.80646706319067,100378.86906671381,291.42998099112265,91806.75495381659,0.0,1.5791144543666382,1.9341828790149997,0.4137263544302713,0.6775137887362638,林州市
2006_06_07,284.572462671035,302.3238271385447,296.12099298131466,100196.7511740583,290.1212285676695,91648.42357455519,0.0,0.9352503290508047,-1.065973164870177,0.37003696127054647,0.6818291631868132,林州市
2006_06_08,274.91656024751717,300.8254503460119,294.7900313976258,99877.7476118113,288.4119350656634,91347.70137044527,0.0,2.843553407724045,-1.1977054263688491,0.34607226955733367,0.6861445376373626,林州市
2006_06_09,278.62873949412347,300.47505709327373,293.870317896492,99649.93894253085,287.1442987390392,91100.56207195719,0.00016643283038312665,3.324688272053878,-2.260982997389715,0.35246171284046035,0.6904599120879121,林州市
2006_06_10,279.70166026217873,299.319468124079,293.77761920943897,100134.05531375678,288.49063781639836,91563.76726702497,4.7825208272560596e-06,1.302247718499088,-0.5055371867967854,0.42543262449539226,0.6947752865384615,林州市
2006_06_11,281.53765710213355,304.25682370211524,298.20411030539134,100191.22759268769,293.13063496249214,91671.18918498677,3.964031887011293e-07,1.7405426953944276,2.1156438259821564,0.3591787764651157,0.699090660989011,林州市
2006_06_12,287.53837864915533,303.60703778178214,297.58297574164385,100335.95962994033,291.9596568221837,91792.60648492585,0.0022039886268098554,0.678199033205493,1.6569435297161,0.31736821079079186,0.7034060354395605,林州市
2006_06_14,284.9974469588627,300.88500737194374,295.1239613232826,100214.7900817223,289.5586410890797,91666.6983993877,1.8924551787864402e-06,1.5975310832897978,0.21221061649394435,0.4077389175620219,0.7120367843406593,林州市
2006_06_15,283.8735119932337,305.30811841082533,298.6236453245148,99897.2740041987,291.7267075927716,91428.33930023803,0.0,1.7649067726624126,0.844151482527041,0.40120887970075253,0.7163521587912088,林州市
2006_06_16,284.0301401737623,308.62628944764293,300.87190867398806,99993.57805212728,293.97379226889507,91526.38237847306,0.0005390818290058251,1.7835329266369508,0.0938662998564732,0.36725072980621776,0.7206675332417583,林州市
2006_06_17,286.3261138787537,302.9407163239738,298.65759816516845,100738.83758724427,293.6552439480908,92154.80485818932,0.0,-0.8197029595668638,-1.2277455862558384,0.36301323010715686,0.7249829076923078,林州市
2006_06_18,288.2149353963931,305.8324602407468,300.39704033795334,100712.94690468446,296.0597554890314,92174.09861372471,1.862645149230957e-09,0.25600888324002513,1.9870258582128617,0.3473778000093375,0.7292982821428572,林州市
2006_06_19,288.02001268468814,308.13940638189206,300.55512131752846,100690.24382087651,293.1878669460752,92158.88976927643,4.284083843231201e-08,0.33018061372012397,1.5161841550092874,0.361410249034252,0.7336136565934066,林州市
2006_06_20,288.38090969786145,300.6181503054887,296.4797285885844,100994.12106416284,292.9194020206188,92364.1576070285,0.00017704084653099304,-1.1468089167421878,-1.4121076929506535,0.35943917372798884,0.737929031043956,林州市
2006_06_23,288.9050545638746,299.8191783731275,294.8799389648213,100784.07360355929,288.65630185612656,92164.61963648669,2.3283064365386963e-08,-0.33394644044897115,1.0688713430959218,0.45374367171798524,0.7508751543956045,林州市
2006_06_24,288.5757694453209,301.64674410571064,296.0005447040079,100590.1014381733,291.5880849822405,92001.35397880361,2.2601759514900984e-06,-0.24353750256078938,0.9933514554900782,0.4960645393165214,0.7551905288461539,林州市
2006_06_25,290.1187422601437,303.61691951745524,296.3438813940013,100405.65409927444,290.86535203221285,91836.89739069778,0.02323657201265508,0.7923143772284615,0.76293299459234,0.4374231750804112,0.7595059032967033,林州市
2006_06_26,291.2684553104602,301.8738452763615,297.10456191861283,100397.67772366517,292.4618026747496,91842.59916101456,0.001575446894553938,0.2842016366105916,0.5112993286382369,0.46328444834663823,0.7638212777472527,林州市
2006_06_27,292.49706478803756,304.71846424851475,298.77326604371586,100273.02140628213,292.96342525452036,91749.75532815424,0.002287488907846808,0.6508964089764467,1.0536268068505446,0.4599308009802837,0.7681366521978021,林州市
2006_06_28,292.36886690434835,300.22355603476973,295.65007760366444,100277.1108988814,292.0058166513411,91687.55677236067,0.023942699216207407,-0.6686123952080021,0.09111471101241972,0.40101642810772087,0.7724520266483517,林州市
2006_06_29,293.03274002079957,303.6355063256934,298.41100091401967,100091.81444470694,294.2844669836414,91568.02286541737,0.00029314097639569797,1.011997443399329,1.155290824582511,0.5342636303003561,0.7767674010989012,林州市
2006_06_30,294.5019935053344,303.6404685423176,299.02369698416993,100200.2992810276,295.7168989038098,91671.13240482782,0.001116411449737408,0.04076942371146108,0.7389421824822225,0.3129199012319974,0.7810827755494506,林州市
2006_07_01,294.17271723943185,300.0973735768213,296.73654633030793,100455.27844939822,294.11466562395805,91869.777160542,0.002205179887787635,-1.6831800089571098,-0.2694941750695779,0.5719100352933597,0.78539815,林州市
2006_07_05,294.2178637905499,304.6048738844958,298.5129996798111,99910.1768616758,293.871274363514,91417.96955224713,0.0030002935494603455,0.4551535876984325,0.02212377352012162,0.5060555415574608,0.8026596478021978,林州市
2006_07_06,293.9997223929513,300.926062466528,297.16108019386684,100233.62968047718,294.2151056714575,91665.88222354955,0.0016769220880102635,-1.1074993934611188,-0.5395941399943851,0.4157674285765414,0.8069750222527472,林州市
2006_07_07,292.5629374686297,301.4637853825048,297.05456962667125,100296.78143096843,293.48624980538324,91729.37165900914,0.0017143535843316304,-0.4899288116918327,0.694312956995767,0.3681643690984172,0.8112903967032968,林州市
2006_07_08,293.03815510725417,300.7055155279954,297.16837918950995,100243.82274258313,293.7295995852333,91688.61374618598,0.0005191800198312416,-0.20740861228295854,1.2697886794959166,0.6419527372222789,0.8156057711538462,林州市
2006_07_10,294.0673381444688,301.73963847184035,298.0204881210059,100180.04411131107,294.580405551429,91640.86270883298,0.0035605611991878718,-0.05959814018660822,0.699075457803128,0.3597992414159252,0.8242365200549451,林州市
2006_07_11,295.2763322641001,301.4512548095704,298.1531808999711,100326.69426936141,295.36035330679243,91766.3730551236,0.014965533587966396,-0.20630801589032033,0.8258292206213843,0.4722474107425149,0.8285518945054945,林州市
2006_07_12,295.861986899403,303.7994238879572,299.6274201734141,100190.23423403343,296.08915524741377,91668.17515385275,0.0016125809109891873,-0.03237352394484263,1.2936874197019352,0.4245120759954349,0.832867268956044,林州市
2006_07_13,296.63000472625055,303.389609954046,300.10703129950673,100337.21065807859,297.8737573056936,91797.73897543998,0.004470026686073706,-1.0371403311488026,0.7369756402168848,0.5522799427995273,0.8371826434065934,林州市
2006_07_14,296.29078855479196,303.1586350384942,298.79655425504177,100505.34369267912,295.7312498730271,91927.24876482393,0.006960264397075272,-1.7880930284268477,-0.839997868965542,0.5773775429648805,0.8414980178571428,林州市
2006_07_18,294.8308567466279,302.668189605329,297.99090916784047,100343.88369026501,293.2305515870627,91778.10718215843,0.025673047134750784,-0.804963029208411,-0.29595781416181816,0.33572682094901396,0.8587595156593406,林州市
2006_07_23,289.8406105005975,297.8745717724364,294.5255415471901,100466.12265157317,291.2108299466211,91890.32709824765,1.0169762106785903e-07,1.541108405054233,0.9052874279227414,0.4897740105505644,0.8803363879120879,林州市
2006_07_24,292.52647689375874,300.2365060961315,295.3601267744526,100621.41028822573,292.34097850986666,92005.45581196138,0.007048909411629726,-0.5343319970851564,0.18359251215296876,0.6358747428259076,0.8846517623626374,林州市
2006_07_27,292.22030580990474,298.96619608655374,295.48321287779083,100682.73071007285,292.3459082910249,92056.37716683424,0.0005041836863413574,-0.7567888910392933,-0.170924591768117,0.5619797457268622,0.8975978857142857,林州市
2006_07_28,294.28183341828543,299.23399921555756,296.45364643995543,100687.82321558961,294.5010395041219,92067.2674673822,0.0021380430341726275,-0.9654457214636126,0.7709373714610505,0.5410230501156487,0.9019132601648351,林州市
2006_07_29,295.2235192033784,300.4553315493534,297.7023325186391,100811.1256254126,295.5559479300945,92198.66454970196,0.004749588986581128,0.53423512883831,2.137878169030239,0.6654838392493564,0.9062286346153846,林州市
2006_07_30,295.6303544342664,304.4248627480478,299.5955887378577,100707.65802302245,296.5351930454018,92136.40614532553,0.0020839795549498115,0.623454051228582,1.38826091888226,0.6998287518842276,0.9105440090659341,林州市
2006_07_31,294.09468952329377,300.7082317185868,296.325775298595,100540.05612712403,292.88199542345905,91945.65419886282,0.021151769830498476,0.10222687667478347,0.24367469408718184,0.2117524923538215,0.9148593835164835,林州市
2006_08_01,291.4166455706161,301.3365357765437,296.4617433311929,100613.85328186731,292.405929280314,92019.81936026858,0.0009520025063190561,0.09886675931842372,-0.21915861701261447,0.7419743250840247,0.9191747579670331,林州市
2006_08_04,292.33686101247787,298.4109018845215,294.72367860449805,101231.0312804446,292.43269472143487,92553.94211181886,0.001623268305527431,-0.4495342734757034,0.5531619726378407,0.03748271303067399,0.9321208813186813,林州市
2006_08_05,292.79871599524563,300.12806352471665,295.48942520776353,100932.70719836965,292.9565304748752,92298.07456250313,0.01563785182711919,0.05152220867786837,1.1120075193478796,0.6439607966840118,0.9364362557692307,林州市
2006_08_06,293.7994846132653,300.82605372672975,296.7119698245126,100701.86003604645,293.487324593498,92089.80527408642,0.01086599639273296,0.08116165833641674,0.9448285491523509,0.4872040607947018,0.9407516302197803,林州市
2006_08_07,294.86353063214324,301.17868423044666,297.45705279462646,100663.09701676316,294.8831477815572,92056.73252856878,0.0014057044672283706,-0.3389223090887097,0.898574687713583,0.7365579214102587,0.9450670046703297,林州市
2006_08_08,294.8004618122557,301.20033778590783,297.85290183048727,100748.51962411027,295.33970364319833,92141.76825880725,0.001595395985921423,-0.2758433864685543,1.0405566510958146,0.6920067844875134,0.9493823791208791,林州市
2006_08_09,294.93088479467923,301.6583104782086,298.1343695599025,100775.92745965385,295.4013590092602,92173.41612528928,0.0009788196334253336,-0.36426700856915867,1.4521638046572847,0.7147587278712192,0.9536977535714285,林州市
2006_08_10,294.82361056662194,301.91043227530434,298.1153420833386,100725.93807110061,295.50162396214597,92132.25523028818,0.0006130630629149824,-0.2722222433785771,1.5643631276030008,0.7326603063598637,0.9580131280219781,林州市
2006_08_12,295.6963852501341,304.54854241225917,299.8445780567985,100494.97424496381,296.6607407395659,91944.30135136108,5.751470222355467e-05,0.035643817858788875,1.0981232133450172,0.7217589437115767,0.966643876923077,林州市
2006_08_13,295.81389805084734,303.67355677969283,299.3453752669841,100483.397302207,296.4108112157973,91923.595147066,0.004322536417962473,-1.2249657440140302,-0.3332771598921236,0.7178051553769367,0.9709592513736265,林州市
2006_08_16,293.1049593714397,302.06981050656054,297.38231341722127,100783.25483444112,293.2215689007345,92181.59613969165,2.118711298189888e-06,-1.0656688543088024,-0.5632544584857344,0.718348879133325,0.9839053747252747,林州市
2006_08_17,291.1545803422385,300.26421965948487,296.5871098132946,101143.01770598686,293.3720238865814,92493.6066532608,5.824500115704655e-08,-1.2864593285468993,-0.3039167310702248,0.7177322161668732,0.9882207491758241,林州市
2006_08_18,289.7630623463749,299.8693460517793,295.6709368100984,101208.71863946525,291.93417813817996,92553.71792223927,3.04073183353232e-08,-0.7769909410293954,-0.19808072196176332,0.6484806749759954,0.9925361236263736,林州市
2006_08_19,288.5639832357153,300.93137092653234,296.3141872594444,100962.95353545467,292.7543353557406,92343.5868158174,4.284083843231201e-08,-0.19129952375789025,0.18150068418435059,0.7128763645554727,0.9968514980769231,林州市
2006_08_26,292.5415014171192,300.1052150512915,295.4473840991569,100622.93282325192,291.64007457708453,92011.98238886405,0.0009305206402221864,0.28531070998517444,0.387410121368452,0.43430553263562743,1.0270591192307692,林州市
2006_08_27,293.85710106782506,301.4135653228283,297.22677904861376,100771.1026424971,292.9389537107131,92176.16698877786,0.00034470447525238886,-0.07388439753045462,0.712816509348222,0.6621039338186965,1.0313744936813187,林州市
2006_09_01,291.9191861056651,297.7704321024281,294.5522509605043,100884.97918952613,292.04251309255795,92230.29247044069,8.131711460234199e-05,-0.5464915350787083,-0.2546028037496403,0.619363893942669,1.052951365934066,林州市
2006_09_02,292.1975900067619,298.2240032792361,295.0605914637389,101104.31184912779,293.068594790432,92434.80068385361,0.00041472434782887946,-0.9668320519121348,-0.6459236040889558,0.4972561578129508,1.0572667403846154,林州市
2006_09_03,290.59404640020085,300.6747186658205,294.014017847224,101062.57622831491,284.1479252796357,92378.30348852588,0.007321078118112289,-1.0079432212358588,-0.7581302267388793,0.7248532736271438,1.061582114835165,林州市
2006_09_05,283.1925332659454,295.1904940730963,288.96446458834805,101218.17287689162,284.24651583218974,92498.9232700367,8.568167686462402e-08,0.7975634334595322,0.14954429118183543,0.6858978388871116,1.0702128637362638,林州市
2006_09_06,284.5824353651817,299.68049888706105,293.025465379545,100808.1768911104,287.38338841946546,92164.03833007683,3.7645689659300306e-05,1.2211198919877395,1.2685319089613014,0.6391141093788573,1.0745282381868133,林州市
2006_09_08,279.226788622332,294.73218890140436,288.4886881298534,101918.25190005533,281.70938941798784,93109.60395811494,9.260585516732033e-08,1.3293049322652128,-1.8198031229479519,0.5720562126851859,1.0831589870879121,林州市
2006_09_09,277.0940339931049,293.9038418273443,287.22443278531654,102232.91860510645,281.45927710974337,93393.48933261319,0.0,1.5874493667035117,-0.6908792754816272,0.612000461279006,1.0874743615384614,林州市
2006_09_10,280.38497003048514,297.7313225144725,290.0612217757794,101847.63158401054,283.7465328779376,93091.33523943697,0.0,1.1664145166469537,0.48697701947775185,0.603275000129439,1.091789735989011,林州市
2006_09_11,283.17220050276904,297.91087035665475,290.89350841748956,101932.2926533951,285.1082649044164,93165.48084387381,9.613774892251574e-08,-0.06818452988658832,0.9653311096870693,0.5522805771219153,1.0961051104395605,林州市
2006_09_12,282.22852184622514,296.64713852481844,290.14789444096,102208.34113796645,284.6988506244289,93406.47606910464,7.61865814054934e-07,-0.254158721086212,0.7633824778931567,0.5623167976155811,1.1004204848901098,林州市
2006_09_13,283.7775067553544,295.59480956193124,291.48594968465454,102131.08230310089,288.1750716648858,93336.5269664096,0.0,-0.36907935794955016,0.4813371231147949,0.5399165305103719,1.1047358593406595,林州市
2006_09_15,284.4108341849041,296.56740406956186,290.19570397606736,101594.91240438905,285.3431984030756,92852.6374412512,0.0001044189548233235,0.47308644830984553,0.3940450081330351,0.5423000225219666,1.1133666082417584,林州市
2006_09_16,286.7662267827664,298.2663594849851,292.10512330305284,101609.75146238419,287.832539181999,92879.4726135123,0.0009128517523853631,-0.05384349790217724,-0.19271562001599968,0.36673828732755,1.1176819826923077,林州市
2006_09_17,287.2637179763671,297.9774148943228,291.9827180688326,101588.83671806047,287.9695556709106,92864.2174850207,3.424842176731229e-06,-0.4959516940296482,-0.25285978636200096,0.49973375194830627,1.1219973571428572,林州市
2006_09_18,284.350894316418,299.21127736622464,292.62670617341786,101521.0091550757,287.6914385088712,92820.93635534584,0.0,0.036531627640597225,0.6718865477024362,0.4705153967155909,1.1263127315934067,林州市
2006_09_19,283.42844780630315,298.3149870994701,292.6143270195251,101492.22064198751,287.3399315853759,92789.57716210657,3.3126954186033254e-05,-0.35354663077228154,0.9307660353320968,0.37161414964611356,1.130628106043956,林州市
2006_09_20,287.14263123085226,295.345120946962,290.95873036604814,101588.24132307303,287.4215207604907,92837.20981712182,0.008729704289097353,-0.4205586244326435,-0.2990602027278941,0.283499694929966,1.1349434804945056,林州市
2006_09_22,286.14219366081085,295.36660998110557,291.56802242058524,102108.66946263555,289.1065569557096,93312.3126300074,0.0002453513141132316,-1.1891209054038425,-0.8479747729603635,0.43728858520473035,1.1435742293956044,林州市
2006_09_23,286.8248429673339,295.6306942984371,291.5068050636874,101955.45261227408,288.91283600234766,93171.78620328452,0.00012794756752511802,-1.0100467365597603,0.7370950672286117,0.3053987587889209,1.147889603846154,林州市
2006_09_24,286.8021885599087,295.7873367400285,292.14932912726033,101667.63350788908,290.0262003550788,92919.3181322039,0.00016339595378242247,0.5510268353826383,1.720726187605766,0.3613380927110822,1.1522049782967032,林州市
2006_09_25,289.17664774398366,297.1438474082661,292.84758127750433,101470.13093543859,290.1913096340839,92733.7086092043,0.004290836957077636,0.11673086568591536,-0.7521407060494305,0.4220969844255156,1.156520352747253,林州市
2006_09_28,286.9436854894437,294.4562704830168,290.8370176470953,101881.41737997594,286.7731439014234,93106.2622570948,1.0608396461896677e-06,-0.5612938655009743,-0.5957744259290088,0.37173594801363274,1.169466476098901,林州市
2006_10_01,282.7396264770496,297.405191882367,289.9138335692518,101737.66095649314,284.37671092934505,93001.05910867432,3.737607106986665e-06,0.7448422628740693,0.3999443385124312,0.38995370576840976,1.1824125994505494,林州市
2006_10_02,282.12708729045465,297.9502778203777,290.52120455827674,101470.83208275835,284.4196184080155,92765.3545962885,1.9955283786591355e-05,1.433985886166885,0.8211598339496164,0.3615809712013585,1.186727973901099,林州市
2006_10_04,282.6854925772247,296.59442626308737,289.95222756380946,101584.42098737672,284.77210248418106,92852.10733276786,0.0008364466019585492,0.3991030641865515,-0.11753213693615272,0.2962500620843617,1.1953587228021978,林州市
2006_10_05,283.9305989595386,297.4205377150841,290.4768525200388,101433.20195759117,285.6873924099219,92723.47996768201,0.00035494372867355263,0.7073378186531024,0.8987176867454102,0.33571174569479206,1.199674097252747,林州市
2006_10_06,284.21900018699375,297.9663882034331,291.32790685273466,101313.17694776382,286.57834508815233,92633.43005568978,5.267728107271746e-05,1.1870667641981558,0.6987110432779646,0.3150630809550417,1.2039894717032968,林州市
2006_10_08,282.5684673581861,295.1465564708186,288.44060616447587,101516.96464775024,282.7385070329461,92785.2663083254,0.00019682566831702753,1.4976106269900655,-0.15527122608290964,0.1391804944124619,1.2126202206043957,林州市
2006_10_09,280.81739024811156,298.3424111289594,289.86110729788436,101407.1275752284,283.7636922270701,92714.2235488034,0.0,1.4414365120216779,0.8784880510257357,0.35109290667491594,1.2169355950549452,林州市
2006_10_10,280.94757769820274,301.04255749403484,291.9713170542503,101523.89954960343,285.5253634575198,92846.97043579667,1.25640104906916e-05,1.2522158180635947,-0.10589274413115637,0.36077731569138227,1.2212509695054945,林州市
2006_10_11,283.0564183943104,291.1521589603725,287.1874884354054,102206.67869771032,284.2935376213308,93360.03370634191,0.00012858597998192947,-0.4773191828751528,-1.0680581093339319,0.2074959369638811,1.225566343956044,林州市
2006_10_12,284.08262981140047,295.22439094232783,289.28361653873685,101999.37092590751,285.30568949663393,93221.0716179397,0.0,0.6597879496692131,1.0740834847535652,0.276561914591153,1.2298817184065933,林州市
2006_10_13,285.67357366935124,296.5178148172536,289.7006138681777,101689.6875694102,284.99978813301516,92958.76232161737,0.0002005947530245498,1.1358951627041045,0.8869722045506742,0.2867878345361307,1.2341970928571429,林州市
2006_10_14,284.6139526529798,298.32253886864277,290.69514714780234,101541.13850625232,285.6318780630349,92832.78315962502,0.00040088326559524024,0.627751385990517,0.8275902190702213,0.3527502129581751,1.2385124673076924,林州市
2006_10_15,285.5198299822978,296.6057908962447,290.56408409034776,101585.18216503326,286.4808240321543,92856.354714517,0.00011427375466684095,0.43118646737667604,1.7473588884653652,0.21913594679170867,1.2428278417582417,林州市
2006_10_19,284.7815830658771,295.35106941054306,289.1219723502023,102097.99127092384,285.2854280682061,93273.42335045639,0.00028812900586797877,-0.010173854963796762,-1.1680162899749582,0.3937043561116833,1.2600893395604396,林州市
2006_10_20,285.10264279467407,288.27917802985485,286.46685839727303,102404.35364039507,285.16296837213685,93515.83665641777,0.0016889773816498922,-1.0607274312478618,0.17606181851610653,0.28076552669107574,1.264404714010989,林州市
2006_10_22,274.59651222861106,292.8705670025832,285.31463218886773,102483.18493738183,279.19263160426743,93544.47106584659,1.862645149230957e-09,-0.33274384164000903,-1.681884189498674,0.3799983029171295,1.273035462912088,林州市
2006_10_23,275.34450943242706,286.1228397607427,283.07045057952416,102730.4294948582,279.57719007683073,93711.3006957891,0.000358726990248903,-0.8300780665124231,-0.2504832192935013,0.3938667836443463,1.2773508373626374,林州市
2006_10_25,277.5201880837525,288.13476090288657,283.10380917982457,102892.11521852949,279.5381277354492,93887.60031229946,1.0989884758447921e-06,-0.7348253249605299,-1.5267485563704797,0.3175351063097881,1.2859815862637363,林州市
2006_10_26,278.2645229132819,288.0538641582057,282.5387277597629,102644.6562983882,278.4020942645293,93694.60673660882,0.0,0.7309614937283854,0.9684262308480603,0.31467639164992267,1.2902969607142858,林州市
2006_10_27,278.94643320041877,291.29256318468236,285.32244002930355,101983.6574222931,279.65732896321873,93149.9533359568,0.0,2.087261067520956,0.9501532200082756,0.47751937984496123,1.294612335164835,林州市
2006_10_28,273.33311708735914,293.5258615962537,285.38113730885385,102099.12531048487,278.21990669830336,93270.73984067612,0.0,1.2617778035990326,-0.7332298630227253,0.4113002552742677,1.2989277096153846,林州市
2006_10_29,278.4779088773516,292.6600843100201,286.06052336352656,102139.70828965436,280.4529645336656,93297.01645269776,0.0,0.8379825826492401,1.4955943789988704,0.3498774789261432,1.3032430840659341,林州市
2006_10_30,277.1780789645003,292.7864263719359,286.21504289886417,102034.31497096189,280.7580589586677,93215.82196515474,4.330238478878041e-07,1.7707309361065338,-0.09120488937268081,0.2963058825252929,1.3075584585164837,林州市
2006_10_31,273.16851374893605,293.55512901127514,284.94824263231146,102197.54598348914,278.1021222515411,93360.78771280641,3.594877250546176e-05,2.022243577579942,-0.9863374122412513,0.4071757866042789,1.311873832967033,林州市
2006_11_01,273.557928218451,293.1035497526967,284.2862575861123,101978.71608959771,278.25573979320404,93161.9173726815,0.0,1.5021023944906182,0.11734554089719247,0.42838315790609316,1.3161892074175825,林州市
2006_11_02,274.59911599477516,293.49454119003474,285.1091190353981,101576.1678237145,277.970189931228,92789.5144124294,0.0002341371325214249,2.247924096854524,0.17647760140701413,0.40637801081074254,1.320504581868132,林州市
2006_11_03,273.74722152624656,293.52783621323937,285.7180732737304,101202.80373281975,279.45128700133654,92462.93614217278,8.754432201385498e-08,2.6387344626875437,0.32406392012304636,0.4443538284702669,1.3248199563186813,林州市
2006_11_04,270.72882930864813,294.6106236581542,285.6973585147432,101514.41825895921,277.80215083913106,92708.28518363039,4.284083843231201e-08,2.8266343430649696,-1.0358110612521398,0.39588734956572685,1.3291353307692308,林州市
2006_11_05,263.78886581034374,288.5288937583232,282.291827623784,101986.94926767488,275.36558322201745,93021.3017682691,0.0,3.3393250959294916,-1.061421395143614,0.426750818526016,1.3334507052197802,林州市
2006_11_06,267.17536021617656,287.32530766375845,280.26118474371793,102154.43788927262,274.9578394840679,93196.74369237032,0.0,2.28235491345083,-0.8824565328582887,0.4188749557455364,1.3377660796703297,林州市
2006_11_07,270.8473986735544,291.4440214988872,283.68091195642893,101387.55291032822,275.9734151453527,92595.55755788845,0.0,2.4591541614855075,0.8018397215984238,0.4285401724878806,1.342081454120879,林州市
2006_11_08,272.82619147266144,294.18160422038625,285.3024272699427,101449.84135270012,277.3701936392395,92670.82213554706,9.131865622972771e-07,2.440387820279793,-0.5488677930185711,0.37749182066641673,1.3463968285714285,林州市
2006_11_09,272.6158796108551,291.6936079254616,284.27188399064556,101952.3325618824,276.7945882258045,93102.87208523706,0.0,0.8008183806730044,0.2966108569034509,0.4028581500776786,1.350712203021978,林州市
2006_11_10,274.10729076396063,287.95847017020327,280.09304698741965,102431.81958452605,273.9022892270273,93450.35034959098,0.000115621234927725,0.5231591464309779,-0.7690343329273607,0.214502172231016,1.3550275774725276,林州市
2006_11_11,270.20178274860064,288.72395697959746,280.1149879796114,102257.5437580687,274.12407637940333,93353.67496153025,0.0,1.448144120029224,0.6206284926596222,0.4138604568525675,1.359342951923077,林州市
2006_11_12,275.1709755515521,289.90993917433224,282.9124285157785,101354.75789321758,275.2497396949393,92567.5860093775,0.0,1.9154146179706057,0.5846064131856286,0.28306347111815405,1.3636583263736264,林州市
2006_11_13,268.3141359131068,283.5920586445589,278.6742277393378,102492.84677772595,274.25168737785646,93404.59588447193,0.0,-0.06154625754254568,-2.276958677801001,0.289792392693553,1.367973700824176,林州市
2006_11_14,263.4254478516892,285.1808208713419,277.8821534110882,102455.94253075268,273.0392503581037,93426.27396258693,0.0,2.674273537922404,0.03246364237894538,0.42584742614772225,1.3722890752747252,林州市
2006_11_15,268.6014522582639,286.57578392481753,280.80309049425125,102068.57790683923,273.10123706737966,93103.25626189266,0.0002517448086747838,0.4460318857590873,0.8173899266076551,0.4236386093298226,1.3766044497252747,林州市
2006_11_16,272.81020118947964,285.14570224352155,279.2608289154582,102113.63052729199,274.9760251939706,93112.85344335691,0.0,0.3553327958959882,0.6120244829538657,0.38808840724404464,1.3809198241758243,林州市
2006_11_17,274.696970397333,285.0270882527925,279.45325345691714,102303.5614678427,275.49324830808206,93275.8981497541,0.0,-0.036550654675079994,0.09915069997536263,0.15988779803646563,1.3852351986263736,林州市
2006_11_18,274.6612401067698,280.39473566812006,277.6331800399818,102353.71172809196,275.3718858528607,93276.12452791794,6.523575207462926e-06,-0.18138635676795106,0.04982218464233371,0.1679614322392068,1.389550573076923,林州市
2006_11_19,274.9868439262477,284.3063022058192,278.33643842930667,102046.59624078774,274.5613528119846,93071.48303246399,4.80576762796745e-07,1.5388939773363441,1.0250651058727869,0.2007177498517326,1.3938659475274724,林州市
2006_11_21,273.47288017300457,284.93726275336036,279.1498167584491,102087.9011319676,275.39426505091075,93085.05213572,0.0005188943379618863,-0.5883346970353008,-1.0300843319446495,0.31373409466065894,1.4024966964285714,林州市
2006_11_27,271.1763474628501,275.88031649700235,272.66676435322864,102389.04275369499,269.2791565818227,93169.52033434929,0.0001875267709247633,0.890304978912417,-0.013717854380395094,0.3581838493899808,1.4283889431318681,林州市
2006_11_28,268.6601570509911,278.78852828665373,273.76943052245656,102586.30227526557,268.48151671625556,93361.81752300399,0.0,0.6378228276481609,0.0298035319059361,0.37389867612752864,1.4327043175824177,林州市
2006_11_29,266.7667504889414,278.9332890325617,272.4097706196988,102457.94511780347,267.5093485757324,93281.86998055839,0.0,1.6089082871033886,0.4396246798335418,0.28337138175768695,1.437019692032967,林州市
2006_11_30,266.4632539816401,278.44272633071444,272.3817360432008,102381.6046639948,267.9519165794581,93236.79961162822,0.0,2.219632340010701,0.07541059178595895,0.3829998819976251,1.4413350664835165,林州市
2006_12_01,262.10081663369186,277.9852243882156,272.796427965253,102705.19367866428,268.4984315526106,93438.16204093647,0.0,2.68444746084814,-1.075634955814043,0.4066884131896115,1.4456504409340658,林州市
2006_12_02,262.6486001747929,275.9099504558535,270.8119142075984,103279.27986968821,267.41838090899176,93880.0966699343,0.0,0.6819864214300864,0.31256469836518325,0.3473501234238234,1.4499658153846156,林州市
2006_12_03,261.4129313942321,276.23461015973425,270.4439707865174,103322.78077183751,266.7592908088315,93981.47361069435,1.862645149230957e-09,1.0008963003686508,0.23806910856810712,0.19186166671080476,1.4542811898351649,林州市
2006_12_04,265.992477190755,276.7232690187701,272.46618950963574,102900.14130392444,267.4463776520145,93658.6310014385,4.284083843231201e-08,1.623659843779338,0.2607139810961396,0.4022683290908983,1.4585965642857144,林州市
2006_12_05,266.5795803884828,274.36685808782215,271.56362815120366,103091.52178938678,269.48247213184135,93705.9073180039,0.0,-0.3251255355749755,-0.32619720793396945,0.2301163788076671,1.462911938736264,林州市
2006_12_09,263.6355660189563,275.2235766290405,270.8324018304397,103309.68915286384,267.9273224728724,93941.9805945323,0.0,1.09364895974424,0.4522911953196729,0.250029744406261,1.4801734365384616,林州市
2006_12_10,264.6231558688428,278.1671377756182,272.52496377369835,102426.89270290647,268.7586498724038,93239.8105731992,0.0,1.7205513837243052,0.239909023905908,0.22330077917742575,1.484488810989011,林州市
2006_12_11,266.49914306297654,280.86443797373727,273.26387951519683,102141.05713864818,268.51984562248583,93057.53317832158,0.0,1.930322274343481,0.3500138347997157,0.3670753824729145,1.4888041854395604,林州市
2006_12_13,261.5947429718372,277.84405787988874,271.9547567850561,102556.62741236079,267.464943358465,93309.38609453582,4.284083843231201e-08,2.382944600130492,0.002330173533752371,0.31746748644927525,1.4974349343406594,林州市
2006_12_14,263.2529513297831,280.35669258543066,274.2473362092431,102062.85282953558,267.7855971649041,92950.62507306541,0.0,2.6441969341728986,0.15303087259312775,0.3918461769020849,1.501750308791209,林州市
2006_12_15,260.9563627201309,280.1938641751716,275.17455711218133,102863.27449129352,271.04019279191743,93585.12287712477,1.862645149230957e-09,3.1917557649060524,-1.1068426655046029,0.3432340365415926,1.5060656832417583,林州市
2006_12_16,257.6407671116187,275.94878844777685,270.5017377310557,103374.81801471124,264.7154638786135,93930.73497760999,4.284083843231201e-08,2.2315212958579385,-1.6250655246517716,0.3776377585343696,1.5103810576923078,林州市
2006_12_17,260.5324101538591,275.766049630022,271.12102187662583,103091.7611708632,265.2849858976954,93747.20315328652,0.0,1.4168105913197098,1.1466962162936782,0.3324501465868144,1.514696432142857,林州市
2006_12_18,262.7547856775498,279.777949572797,272.85420509105415,102926.65292044883,267.4686652720263,93696.5621559971,1.862645149230957e-09,1.4222851619325612,-0.20780799582180282,0.32532517189079707,1.5190118065934066,林州市
2006_12_19,263.7383682277013,279.36976061129144,273.16751456886544,103107.40740884871,267.9156998291785,93900.10455413269,4.284083843231201e-08,1.6906748373880147,0.5254133288053374,0.13886785665953186,1.5233271810439561,林州市
2006_12_20,261.5015914371013,279.1242304976221,272.30225889183686,103111.76524394387,267.8013681545618,93871.67964545054,0.0,2.120231373783147,-0.359694298360902,0.33083237434310037,1.5276425554945054,林州市
2006_12_21,264.3444435062834,281.68410065280824,275.145392551764,102737.3304906232,268.2385698684918,93605.44227406287,1.862645149230957e-09,1.3508234423705496,0.005827290501771786,0.27063342303257937,1.531957929945055,林州市
2006_12_22,265.6081575746776,280.01818365463294,273.6826624897021,102601.36480658056,270.16276894198165,93490.34652467835,4.284083843231201e-08,0.883311988062589,0.6275543086262619,0.2940911132925121,1.5362733043956043,林州市
2006_12_24,269.5549424374216,278.6109471994756,273.0382864603802,102181.30660975963,269.21966535661977,93064.20718575463,6.412087652977708e-08,0.8624228733412233,0.8162390766303134,0.16129775037626207,1.5449040532967033,林州市
2006_12_25,270.5159769460428,278.74626871447407,273.2320332466231,101968.7201265817,269.4010469652748,92902.33979675504,0.0,1.0196936257442923,0.6825386725539344,0.1964762663452406,1.5492194277472529,林州市
2006_12_26,271.0187453642117,276.6688567844735,272.6227997890145,102589.50516698752,270.08505763349376,93314.93561815863,0.0003597557499231891,-0.23886294670416441,-1.386424011978437,0.06659012629161883,1.5535348021978024,林州市
2006_12_29,266.29589240202,273.3017397053995,270.44098591193045,103110.3548889351,265.96629132743794,93675.96491990866,0.0014715402241479063,-0.12747057710300203,1.2862133676034195,0.18778298944590963,1.5664809255494505,林州市
