NAME,NDVI,YMD
息县,0.0004619141744746607,2001-01-01
郸城县,-0.0008015057105916483,2001-01-01
确山县,-0.005717701176796595,2001-01-01
杞县,0.025949264307229037,2001-01-01
马村区,0.004884652888048605,2001-01-01
西平县,0.00900338029081411,2001-01-01
辉县市,-0.0026290409766634363,2001-01-01
舞钢市,0.019780464832554225,2001-01-01
新野县,-0.0033023748977834503,2001-01-01
洛宁县,0.0020798597294951417,2001-01-01
凤泉区,0.004962532650908193,2001-01-01
虞城县,0.016722122090546136,2001-01-01
项城市,-0.005615870834034726,2001-01-01
渑池县,-0.0020198291381625126,2001-01-01
商水县,-0.00766596095454062,2001-01-01
禹州市,0.06494658109161645,2001-01-01
偃师市,0.02589276717071698,2001-01-01
北关区,-0.007703199827842983,2001-01-01
华龙区,-0.014405242203350333,2001-01-01
武陟县,0.005906378783652922,2001-01-01
中原区,-0.0020260711796006893,2001-01-01
内乡县,0.005277963601082243,2001-01-01
山城区,-0.014580550652325889,2001-01-01
召陵区,-0.006685354374856488,2001-01-01
汝南县,0.002941324012356311,2001-01-01
遂平县,0.00557465770220863,2001-01-01
叶县,0.0328314336557471,2001-01-01
唐河县,-0.00598554822569575,2001-01-01
西华县,0.00383635198806148,2001-01-01
汤阴县,-0.01500485506016047,2001-01-01
范县,-0.013645928929626388,2001-01-01
吉利区,0.015784135173457794,2001-01-01
管城回族区,0.022176649126223268,2001-01-01
涧西区,0.0024454948248867517,2001-01-01
淮滨县,0.007343416133705953,2001-01-01
孟州市,0.017784055909580224,2001-01-01
宝丰县,0.01137169801317308,2001-01-01
上街区,0.0017742188563961694,2001-01-01
山阳区,0.003975094620645649,2001-01-01
宜阳县,0.0032647227750793604,2001-01-01
罗山县,-0.0017970675542517086,2001-01-01
解放区,-0.0012791068589556051,2001-01-01
驿城区,6.046370375314927e-05,2001-01-01
淇滨区,-0.01458742856943487,2001-01-01
延津县,-0.009277977088399059,2001-01-01
魏都区,0.03324021824161355,2001-01-01
原阳县,-0.005973617286514153,2001-01-01
邓州市,0.0007626000112385764,2001-01-01
卧龙区,-0.008813215064213347,2001-01-01
睢县,0.04670711868044194,2001-01-01
龙安区,-0.012369966175652267,2001-01-01
中站区,-0.0038770766911965858,2001-01-01
夏邑县,0.017263206747751492,2001-01-01
沁阳市,0.007897835448375001,2001-01-01
平桥区,-0.006742169609827065,2001-01-01
光山县,0.0017353537914390562,2001-01-01
泌阳县,-0.004879230653968636,2001-01-01
修武县,0.004787496328546234,2001-01-01
西峡县,0.001504132729593496,2001-01-01
宛城区,-0.004513160904721143,2001-01-01
殷都区,-0.00954537420541702,2001-01-01
老城区,0.009814129587334118,2001-01-01
红旗区,-0.007750206549195161,2001-01-01
扶沟县,0.03148769344529347,2001-01-01
社旗县,-0.007003528011035723,2001-01-01
温县,0.013065148455515615,2001-01-01
太康县,0.0295705625207209,2001-01-01
正阳县,0.00035637913383461,2001-01-01
西工区,0.003026447580835498,2001-01-01
博爱县,0.003685739037968337,2001-01-01
柘城县,0.017907383180056646,2001-01-01
永城市,0.011852643473724736,2001-01-01
安阳县,-0.010796237718697959,2001-01-01
湛河区,0.007021604654836858,2001-01-01
襄城县,0.013330970500745106,2001-01-01
义马市,-0.0018191594883980595,2001-01-01
长垣县,-0.009345174646793011,2001-01-01
兰考县,0.008510851420695048,2001-01-01
镇平县,-0.007193628552070351,2001-01-01
新密市,0.021446572852446343,2001-01-01
开封市区,0.0017626111013393593,2001-01-01
卫滨区,-0.0033781696165599657,2001-01-01
洛龙区,0.011583030546008921,2001-01-01
鄢陵县,0.022199154436878067,2001-01-01
卫东区,0.017199308537076144,2001-01-01
二七区,0.007639169765555361,2001-01-01
获嘉县,0.005487432017865131,2001-01-01
南乐县,-0.01131971861686318,2001-01-01
荥阳市,0.004557454763282092,2001-01-01
濮阳县,-0.013415490358914926,2001-01-01
瀍河回族区,0.01328483022295214,2001-01-01
灵宝市,-0.004897975157725667,2001-01-01
上蔡县,0.0027151230837124023,2001-01-01
通许县,0.0239196555948706,2001-01-01
新安县,0.003032768008794297,2001-01-01
鹿邑县,0.0068705401504341465,2001-01-01
中牟县,0.009894113692008662,2001-01-01
栾川县,0.04857757003410379,2001-01-01
沈丘县,-0.010653495157682777,2001-01-01
郾城区,-0.007661402748994258,2001-01-01
郏县,0.039163455165571084,2001-01-01
惠济区,0.000775385709723744,2001-01-01
宁陵县,0.02749638979322148,2001-01-01
陕县,-0.006002570093569621,2001-01-01
伊川县,0.01665083396855447,2001-01-01
汝阳县,0.031066489246837463,2001-01-01
鲁山县,0.009423081226560754,2001-01-01
淅川县,0.006778109730185299,2001-01-01
长葛市,0.07887676671094511,2001-01-01
新郑市,0.031021114586483708,2001-01-01
川汇区,-0.006389868751692641,2001-01-01
林州市,-0.009564589660370847,2001-01-01
开封县,0.008412828880740932,2001-01-01
浚县,-0.013695044771278421,2001-01-01
牧野区,0.0031071288726498866,2001-01-01
许昌县,0.04857387204449974,2001-01-01
新蔡县,0.004673831573495781,2001-01-01
桐柏县,-0.006950799736476033,2001-01-01
清丰县,-0.012659209270472878,2001-01-01
临颍县,-0.00549814151414363,2001-01-01
淇县,-0.012203803159813323,2001-01-01
南召县,-0.0013329501371783438,2001-01-01
新华区,0.001231769642003741,2001-01-01
舞阳县,0.04509746455675327,2001-01-01
新乡县,-0.0027759448699820424,2001-01-01
潢川县,0.008366957726250025,2001-01-01
滑县,-0.012304729474188822,2001-01-01
浉河区,-0.006911263992714115,2001-01-01
卢氏县,0.0033862344874611393,2001-01-01
梁园区,0.021319179325469416,2001-01-01
民权县,0.012805457106578695,2001-01-01
新县,0.020244676259016953,2001-01-01
尉氏县,0.020763604267276255,2001-01-01
嵩县,0.023959231842904067,2001-01-01
湖滨区,-0.009340509462614879,2001-01-01
方城县,-0.0013242154545067214,2001-01-01
淮阳县,0.0037638411202972452,2001-01-01
济源市,0.003774241603737669,2001-01-01
平舆县,0.011506483067118599,2001-01-01
台前县,-0.010999916819805222,2001-01-01
封丘县,-0.0033993420876803878,2001-01-01
源汇区,0.004056128898836664,2001-01-01
孟津县,0.014268036087352122,2001-01-01
金水区,0.005495115590245103,2001-01-01
睢阳区,0.019954063071297684,2001-01-01
固始县,0.00909657388513065,2001-01-01
商城县,0.005411835806954751,2001-01-01
登封市,0.0198344806447512,2001-01-01
巩义市,0.0070209143178040865,2001-01-01
汝州市,0.023658278420026064,2001-01-01
内黄县,-0.014076800768428224,2001-01-01
鹤山区,-0.01341760980655119,2001-01-01
卫辉市,-0.007699865902647191,2001-01-01
文峰区,-0.012298515997469192,2001-01-01
石龙区,0.012692673709747049,2001-01-01
息县,0.07984454206755055,2001-01-02
郸城县,0.08092135993205259,2001-01-02
确山县,0.10032444554884126,2001-01-02
杞县,0.13789378513413708,2001-01-02
马村区,0.10820890887581029,2001-01-02
西平县,0.3489732007760867,2001-01-02
辉县市,0.14718974409395794,2001-01-02
舞钢市,0.25637447411933234,2001-01-02
新野县,0.03900201611137112,2001-01-02
洛宁县,0.19320011863670725,2001-01-02
凤泉区,0.12238885453710423,2001-01-02
虞城县,0.18555114968097491,2001-01-02
项城市,0.22284131893493495,2001-01-02
渑池县,0.16381062128719642,2001-01-02
商水县,0.23865244094496185,2001-01-02
禹州市,0.1873071631537734,2001-01-02
偃师市,0.18758869381910895,2001-01-02
北关区,0.1396287318169832,2001-01-02
华龙区,0.09729274055855701,2001-01-02
武陟县,0.11102294866489709,2001-01-02
中原区,0.15992781787718383,2001-01-02
内乡县,0.07295052483524599,2001-01-02
山城区,0.1128933570317319,2001-01-02
召陵区,0.3421373438891755,2001-01-02
汝南县,0.10966065411381129,2001-01-02
遂平县,0.2577391867949038,2001-01-02
叶县,0.24267018655756764,2001-01-02
唐河县,0.0957137586415443,2001-01-02
西华县,0.24354827502031545,2001-01-02
汤阴县,0.11520267646739901,2001-01-02
范县,0.07973435347579166,2001-01-02
吉利区,0.17595428698622023,2001-01-02
管城回族区,0.14240780073547726,2001-01-02
涧西区,0.15229090754370544,2001-01-02
淮滨县,0.1463401435526809,2001-01-02
孟州市,0.1998653054673444,2001-01-02
宝丰县,0.24595157559505665,2001-01-02
上街区,0.16909667398626768,2001-01-02
山阳区,0.13824345088525708,2001-01-02
宜阳县,0.1822602962706861,2001-01-02
罗山县,0.14095742602893432,2001-01-02
解放区,0.10384912334252354,2001-01-02
驿城区,0.14168675405556055,2001-01-02
淇滨区,0.11291560302515724,2001-01-02
延津县,0.13303851301845215,2001-01-02
魏都区,0.23440557355050615,2001-01-02
原阳县,0.08373197991948188,2001-01-02
邓州市,0.026485020434252604,2001-01-02
卧龙区,0.04026618143553837,2001-01-02
睢县,0.1780898811065627,2001-01-02
龙安区,0.11314100540242794,2001-01-02
中站区,0.1266764764639098,2001-01-02
夏邑县,0.19806766245353596,2001-01-02
沁阳市,0.20332177527101275,2001-01-02
平桥区,0.09646363538684223,2001-01-02
光山县,0.08686229086690185,2001-01-02
泌阳县,0.11612640498748375,2001-01-02
修武县,0.12075161633358124,2001-01-02
西峡县,0.05201534717615712,2001-01-02
宛城区,0.028637161405099396,2001-01-02
殷都区,0.12981349489051122,2001-01-02
老城区,0.19860228601367894,2001-01-02
红旗区,0.12440801428436343,2001-01-02
扶沟县,0.16132224864449943,2001-01-02
社旗县,0.050687840162073505,2001-01-02
温县,0.18211763124237024,2001-01-02
太康县,0.19982262286045763,2001-01-02
正阳县,0.12627053207832356,2001-01-02
西工区,0.2029288621487076,2001-01-02
博爱县,0.17324381892321863,2001-01-02
柘城县,0.27916249089126505,2001-01-02
永城市,0.09051315438012926,2001-01-02
安阳县,0.1272192990389183,2001-01-02
湛河区,0.17387329792988673,2001-01-02
襄城县,0.2708044308600625,2001-01-02
义马市,0.15734554662875036,2001-01-02
长垣县,0.173839953329675,2001-01-02
兰考县,0.1768347225755161,2001-01-02
镇平县,0.08956107743262831,2001-01-02
新密市,0.2012675747892078,2001-01-02
开封市区,0.09967521901454077,2001-01-02
卫滨区,0.09842015104494099,2001-01-02
洛龙区,0.20355274834812342,2001-01-02
鄢陵县,0.2531182837080793,2001-01-02
卫东区,0.1633361094850336,2001-01-02
二七区,0.15225074835804403,2001-01-02
获嘉县,0.13066535186781128,2001-01-02
南乐县,0.0694707078854147,2001-01-02
荥阳市,0.15978547237080776,2001-01-02
濮阳县,0.10451136458588765,2001-01-02
瀍河回族区,0.20231878959687466,2001-01-02
灵宝市,0.15999934468328797,2001-01-02
上蔡县,0.24088438129140144,2001-01-02
通许县,0.17547934142577823,2001-01-02
新安县,0.18192890768608203,2001-01-02
鹿邑县,0.262947198651921,2001-01-02
中牟县,0.12579306399025975,2001-01-02
栾川县,0.18356198580958183,2001-01-02
沈丘县,0.1298452486941124,2001-01-02
郾城区,0.3529277467796434,2001-01-02
郏县,0.22312090601534942,2001-01-02
惠济区,0.11902479610273717,2001-01-02
宁陵县,0.1552383939950197,2001-01-02
陕县,0.16273874172296868,2001-01-02
伊川县,0.21540048317609095,2001-01-02
汝阳县,0.1921770152815781,2001-01-02
鲁山县,0.15352377678568185,2001-01-02
淅川县,0.029477052853608885,2001-01-02
长葛市,0.23265824764151602,2001-01-02
新郑市,0.21349769364353213,2001-01-02
川汇区,0.26176387461764156,2001-01-02
林州市,0.13204558571461705,2001-01-02
开封县,0.1655507772302176,2001-01-02
浚县,0.13234074872223292,2001-01-02
牧野区,0.10004894306813661,2001-01-02
许昌县,0.2466906125834862,2001-01-02
新蔡县,0.10013976897016824,2001-01-02
桐柏县,0.07171651617002879,2001-01-02
清丰县,0.08274058822909919,2001-01-02
临颍县,0.28609249311961654,2001-01-02
淇县,0.12372558953757781,2001-01-02
南召县,0.15046459680730442,2001-01-02
新华区,0.23307690872134135,2001-01-02
舞阳县,0.31499268341328995,2001-01-02
新乡县,0.12019342138925015,2001-01-02
潢川县,0.11127098937201982,2001-01-02
滑县,0.13015073521739226,2001-01-02
浉河区,0.1736274587417703,2001-01-02
卢氏县,0.08273661591113556,2001-01-02
梁园区,0.14143278240949894,2001-01-02
民权县,0.13543839690875248,2001-01-02
新县,0.06749868747419538,2001-01-02
尉氏县,0.21294943406503866,2001-01-02
嵩县,0.189182625807259,2001-01-02
湖滨区,0.11126730581704324,2001-01-02
方城县,0.1474792406795212,2001-01-02
淮阳县,0.20301694499398368,2001-01-02
济源市,0.1831864272596561,2001-01-02
平舆县,0.16653195921063893,2001-01-02
台前县,0.1004213086537856,2001-01-02
封丘县,0.15221398321426133,2001-01-02
源汇区,0.3495365492596531,2001-01-02
孟津县,0.23178167153585308,2001-01-02
金水区,0.10147908952722144,2001-01-02
睢阳区,0.21635933243723685,2001-01-02
固始县,0.08688548419543174,2001-01-02
商城县,0.0937761422313694,2001-01-02
登封市,0.19922821684818015,2001-01-02
巩义市,0.16147724012929582,2001-01-02
汝州市,0.21268246373813737,2001-01-02
内黄县,0.11823261141193478,2001-01-02
鹤山区,0.09724378220660994,2001-01-02
卫辉市,0.1321145167140657,2001-01-02
文峰区,0.11711546495716044,2001-01-02
石龙区,0.11066276863712718,2001-01-02
息县,0.021268525651622818,2001-01-03
郸城县,0.10726378165755482,2001-01-03
确山县,0.041152866230191966,2001-01-03
杞县,0.08561664605607672,2001-01-03
马村区,0.030875484643857153,2001-01-03
西平县,0.14798282212527897,2001-01-03
辉县市,0.06342305034133093,2001-01-03
舞钢市,0.11370557461651898,2001-01-03
新野县,0.02837338810850842,2001-01-03
洛宁县,0.10521354340749607,2001-01-03
凤泉区,0.08886232418993859,2001-01-03
虞城县,0.08588731468961727,2001-01-03
项城市,0.10861731531785301,2001-01-03
渑池县,0.08772594896330833,2001-01-03
商水县,0.13435939550675685,2001-01-03
禹州市,0.11539151466563209,2001-01-03
偃师市,0.06652639958227469,2001-01-03
北关区,0.11780487472889117,2001-01-03
华龙区,0.13353152945799232,2001-01-03
武陟县,0.12001336803409186,2001-01-03
中原区,0.13519469907743867,2001-01-03
内乡县,0.08827755369904908,2001-01-03
山城区,0.08164846413205708,2001-01-03
召陵区,0.13973472317513078,2001-01-03
汝南县,0.04458285695056494,2001-01-03
遂平县,0.09814553611328622,2001-01-03
叶县,0.11635814173674702,2001-01-03
唐河县,0.05226813934158215,2001-01-03
西华县,0.09100171306784312,2001-01-03
汤阴县,0.13818551200078086,2001-01-03
范县,0.11187359412733829,2001-01-03
吉利区,0.08963269151568125,2001-01-03
管城回族区,0.1020699505249516,2001-01-03
涧西区,0.06378695541088938,2001-01-03
淮滨县,0.023332513848868214,2001-01-03
孟州市,0.1339272930838274,2001-01-03
宝丰县,0.09999294381789642,2001-01-03
上街区,0.0961301107845634,2001-01-03
山阳区,0.06541476839649343,2001-01-03
宜阳县,0.08835596009103193,2001-01-03
罗山县,0.03623133252766823,2001-01-03
解放区,0.02354501306509914,2001-01-03
驿城区,0.04840923697896423,2001-01-03
淇滨区,0.10861134321128033,2001-01-03
延津县,0.11635783731950565,2001-01-03
魏都区,0.12693185458106357,2001-01-03
原阳县,0.1363310547129217,2001-01-03
邓州市,0.04880010285032647,2001-01-03
卧龙区,0.06859506344233589,2001-01-03
睢县,0.11052860594287293,2001-01-03
龙安区,0.0875851722101835,2001-01-03
中站区,0.032236060590727485,2001-01-03
夏邑县,0.09309645951512302,2001-01-03
沁阳市,0.11668128325325622,2001-01-03
平桥区,0.023422092464371175,2001-01-03
光山县,0.05731793411754247,2001-01-03
泌阳县,0.07873880870374042,2001-01-03
修武县,0.060788622538573395,2001-01-03
西峡县,0.09189627517286589,2001-01-03
宛城区,0.036633740814465944,2001-01-03
殷都区,0.0988678827198362,2001-01-03
老城区,0.11062984969203785,2001-01-03
红旗区,0.09794332403242482,2001-01-03
扶沟县,0.0843087392100155,2001-01-03
社旗县,0.07902163002641696,2001-01-03
温县,0.13731062882810088,2001-01-03
太康县,0.09122816684064552,2001-01-03
正阳县,0.02425595967337414,2001-01-03
西工区,0.1011628691659796,2001-01-03
博爱县,0.10021680228563394,2001-01-03
柘城县,0.11474240838575187,2001-01-03
永城市,0.11384073196664915,2001-01-03
安阳县,0.14367369396017635,2001-01-03
湛河区,0.09760269922919272,2001-01-03
襄城县,0.14072150156318464,2001-01-03
义马市,0.0555269723224271,2001-01-03
长垣县,0.15322511651437737,2001-01-03
兰考县,0.10236069342808643,2001-01-03
镇平县,0.09918034228976909,2001-01-03
新密市,0.1071593337027588,2001-01-03
开封市区,0.08823664622591906,2001-01-03
卫滨区,0.09352793751438124,2001-01-03
洛龙区,0.08431912172617706,2001-01-03
鄢陵县,0.11625338534618931,2001-01-03
卫东区,0.08137965416188435,2001-01-03
二七区,0.10611104510821034,2001-01-03
获嘉县,0.14627780523745218,2001-01-03
南乐县,0.15538755134205348,2001-01-03
荥阳市,0.1124892249076232,2001-01-03
濮阳县,0.11088292785623724,2001-01-03
瀍河回族区,0.11201750328977257,2001-01-03
灵宝市,0.12128775191299054,2001-01-03
上蔡县,0.13645693242837337,2001-01-03
通许县,0.11011469731157598,2001-01-03
新安县,0.09675526363495866,2001-01-03
鹿邑县,0.1383744635841367,2001-01-03
中牟县,0.11532314144640055,2001-01-03
栾川县,0.1562619159779364,2001-01-03
沈丘县,0.07127253440543323,2001-01-03
郾城区,0.15359551638577645,2001-01-03
郏县,0.12066635980976927,2001-01-03
惠济区,0.12413597239719729,2001-01-03
宁陵县,0.09687352644053744,2001-01-03
陕县,0.1092413923503441,2001-01-03
伊川县,0.08534403765896294,2001-01-03
汝阳县,0.0709228651121518,2001-01-03
鲁山县,0.07101896419328749,2001-01-03
淅川县,0.08295243397276554,2001-01-03
长葛市,0.14607460685216395,2001-01-03
新郑市,0.13940685118866106,2001-01-03
川汇区,0.10581491849286685,2001-01-03
林州市,0.09812220179961646,2001-01-03
开封县,0.12242688865723128,2001-01-03
浚县,0.11648653283064561,2001-01-03
牧野区,0.07760735880000132,2001-01-03
许昌县,0.13804780150587648,2001-01-03
新蔡县,0.02318238509367859,2001-01-03
桐柏县,0.057973929089154726,2001-01-03
清丰县,0.15330211686283898,2001-01-03
临颍县,0.11883611278613705,2001-01-03
淇县,0.11217125858351051,2001-01-03
南召县,0.04053770866778591,2001-01-03
新华区,0.09274294277858958,2001-01-03
舞阳县,0.15752477326841832,2001-01-03
新乡县,0.11873074496507807,2001-01-03
潢川县,0.045244321395976096,2001-01-03
滑县,0.13035185315289993,2001-01-03
浉河区,0.022654358381936076,2001-01-03
卢氏县,0.1429210021217224,2001-01-03
梁园区,0.07178372962695878,2001-01-03
民权县,0.0917809798080914,2001-01-03
新县,0.09778495587779557,2001-01-03
尉氏县,0.1409432849631609,2001-01-03
嵩县,0.09675069620937699,2001-01-03
湖滨区,0.09677612460696422,2001-01-03
方城县,0.08761965688481793,2001-01-03
淮阳县,0.10808349166781028,2001-01-03
济源市,0.06464143850478768,2001-01-03
平舆县,0.058149725280965466,2001-01-03
台前县,0.14368625964825987,2001-01-03
封丘县,0.13203316501157886,2001-01-03
源汇区,0.16293104282001958,2001-01-03
孟津县,0.1356927837721183,2001-01-03
金水区,0.10316002379281583,2001-01-03
睢阳区,0.08587078723482426,2001-01-03
固始县,0.06062920364105467,2001-01-03
商城县,0.04195391594456938,2001-01-03
登封市,0.11373029615814914,2001-01-03
巩义市,0.05604511909789732,2001-01-03
汝州市,0.08305658473116695,2001-01-03
内黄县,0.13187980852187609,2001-01-03
鹤山区,0.08008676468906105,2001-01-03
卫辉市,0.09528579359466728,2001-01-03
文峰区,0.15591910521253421,2001-01-03
石龙区,0.0528720708734456,2001-01-03
息县,0.012798105410055468,2001-01-04
郸城县,0.007900684459630469,2001-01-04
确山县,0.01536374080614674,2001-01-04
杞县,0.010036851753116492,2001-01-04
马村区,0.012297772920065165,2001-01-04
西平县,0.00836679129568761,2001-01-04
辉县市,0.01627482853106533,2001-01-04
舞钢市,0.010132492895294666,2001-01-04
新野县,0.015216329687996405,2001-01-04
洛宁县,0.168388721576915,2001-01-04
凤泉区,0.011412887794233996,2001-01-04
虞城县,0.015126466277468581,2001-01-04
项城市,0.009376491556662028,2001-01-04
渑池县,0.15730619449856154,2001-01-04
商水县,0.008413442002745304,2001-01-04
禹州市,0.009941814783428522,2001-01-04
偃师市,0.15441552840920492,2001-01-04
北关区,0.009742066424580696,2001-01-04
华龙区,0.012132242926414013,2001-01-04
武陟县,0.011636437695007986,2001-01-04
中原区,0.012199242602230051,2001-01-04
内乡县,0.07709998138046202,2001-01-04
山城区,0.00868315023028293,2001-01-04
召陵区,0.0075861584441962926,2001-01-04
汝南县,0.012512046719992096,2001-01-04
遂平县,0.00887596941047683,2001-01-04
叶县,0.011450341738911336,2001-01-04
唐河县,0.06401259638616723,2001-01-04
西华县,0.0066070833549415455,2001-01-04
汤阴县,0.008162645077079346,2001-01-04
范县,0.023411950671667212,2001-01-04
吉利区,0.1722920642521683,2001-01-04
管城回族区,0.010766784528705053,2001-01-04
涧西区,0.12853124280230777,2001-01-04
淮滨县,0.011034811233603661,2001-01-04
孟州市,0.18902048614592318,2001-01-04
宝丰县,0.010592396180520209,2001-01-04
上街区,0.018572594729249246,2001-01-04
山阳区,0.013349661196490756,2001-01-04
宜阳县,0.16488037427403454,2001-01-04
罗山县,0.010207315041624363,2001-01-04
解放区,0.012550208022839907,2001-01-04
驿城区,0.011202522221524847,2001-01-04
淇滨区,0.010488141603517982,2001-01-04
延津县,0.009633716720876618,2001-01-04
魏都区,0.009423517201104672,2001-01-04
原阳县,0.009528614080866606,2001-01-04
邓州市,0.011546391834741949,2001-01-04
卧龙区,0.01225466486166954,2001-01-04
睢县,0.0111813653885887,2001-01-04
龙安区,0.007951276904751456,2001-01-04
中站区,0.013300370450640718,2001-01-04
夏邑县,0.016542818870728237,2001-01-04
沁阳市,0.10448061708343731,2001-01-04
平桥区,0.014686759360049845,2001-01-04
光山县,0.011603773593477555,2001-01-04
泌阳县,0.016654053707277478,2001-01-04
修武县,0.012310575920494244,2001-01-04
西峡县,0.11558523731966026,2001-01-04
宛城区,0.012429844593714181,2001-01-04
殷都区,0.010021844637191218,2001-01-04
老城区,0.2067591274918254,2001-01-04
红旗区,0.009317413155855932,2001-01-04
扶沟县,0.009247528888890041,2001-01-04
社旗县,0.013004364876676536,2001-01-04
温县,0.044491705393552024,2001-01-04
太康县,0.00576710841837563,2001-01-04
正阳县,0.013013550747590747,2001-01-04
西工区,0.20864091860530426,2001-01-04
博爱县,0.02108495795811095,2001-01-04
柘城县,0.00617587842493496,2001-01-04
永城市,0.025810087330376007,2001-01-04
安阳县,0.010276545265947193,2001-01-04
湛河区,0.011439496290968923,2001-01-04
襄城县,0.009695718581871002,2001-01-04
义马市,0.1495680935146447,2001-01-04
长垣县,0.014939386850669704,2001-01-04
兰考县,0.008955965801670691,2001-01-04
镇平县,0.05253152943741516,2001-01-04
新密市,0.01309715972363065,2001-01-04
开封市区,0.010798164562532778,2001-01-04
卫滨区,0.010298532048906912,2001-01-04
洛龙区,0.1525239779193618,2001-01-04
鄢陵县,0.01007361644965495,2001-01-04
卫东区,0.009440107614350369,2001-01-04
二七区,0.01166855558028946,2001-01-04
获嘉县,0.011248865123605937,2001-01-04
南乐县,0.011866221268099934,2001-01-04
荥阳市,0.017247427845552266,2001-01-04
濮阳县,0.01545590121040837,2001-01-04
瀍河回族区,0.23151485156766033,2001-01-04
灵宝市,0.1750709033471067,2001-01-04
上蔡县,0.009177298792447632,2001-01-04
通许县,0.010311709876655268,2001-01-04
新安县,0.1722348942307786,2001-01-04
鹿邑县,0.007559486765630449,2001-01-04
中牟县,0.010395671036611483,2001-01-04
栾川县,0.18160288197798727,2001-01-04
沈丘县,0.009318383878060017,2001-01-04
郾城区,0.010036750912207676,2001-01-04
郏县,0.009415179018730886,2001-01-04
惠济区,0.010292252569545428,2001-01-04
宁陵县,0.010678611429422296,2001-01-04
陕县,0.15919021545424014,2001-01-04
伊川县,0.1832602052580559,2001-01-04
汝阳县,0.12611766495806345,2001-01-04
鲁山县,0.01127341399523248,2001-01-04
淅川县,0.011975894566715854,2001-01-04
长葛市,0.010307533755250488,2001-01-04
新郑市,0.010448586007071619,2001-01-04
川汇区,0.008101348579726674,2001-01-04
林州市,0.04558568482376476,2001-01-04
开封县,0.009962685982640407,2001-01-04
浚县,0.009035470114513366,2001-01-04
牧野区,0.009495243178433439,2001-01-04
许昌县,0.009394005107241872,2001-01-04
新蔡县,0.008483397210095627,2001-01-04
桐柏县,0.04219419002255814,2001-01-04
清丰县,0.015104101552947545,2001-01-04
临颍县,0.010390652621289673,2001-01-04
淇县,0.010918398704370868,2001-01-04
南召县,0.017604134482143482,2001-01-04
新华区,0.010096350580886765,2001-01-04
舞阳县,0.010759154797911398,2001-01-04
新乡县,0.010090873134766311,2001-01-04
潢川县,0.016651997609902196,2001-01-04
滑县,0.010238405375509773,2001-01-04
浉河区,0.014905221656286582,2001-01-04
卢氏县,0.1281430334191,2001-01-04
梁园区,0.015040478145966372,2001-01-04
民权县,0.013548813627126366,2001-01-04
新县,0.05463455804049766,2001-01-04
尉氏县,0.010725944597043794,2001-01-04
嵩县,0.1635060627239473,2001-01-04
湖滨区,0.10937191330670615,2001-01-04
方城县,0.012454007195211256,2001-01-04
淮阳县,0.007717617489611742,2001-01-04
济源市,0.1427530282687784,2001-01-04
平舆县,0.010222010342480277,2001-01-04
台前县,0.03235001658858032,2001-01-04
封丘县,0.011530391976416643,2001-01-04
源汇区,0.009149226023242661,2001-01-04
孟津县,0.21407264732606587,2001-01-04
金水区,0.01029052706512335,2001-01-04
睢阳区,0.009115654257249585,2001-01-04
固始县,0.013623622619775535,2001-01-04
商城县,0.012485777260653676,2001-01-04
登封市,0.05911303818062469,2001-01-04
巩义市,0.10473735599984327,2001-01-04
汝州市,0.022581748904813317,2001-01-04
内黄县,0.007285156260332493,2001-01-04
鹤山区,0.0090648537461051,2001-01-04
卫辉市,0.00943570301611578,2001-01-04
文峰区,0.007523014003482343,2001-01-04
石龙区,0.010185333224432628,2001-01-04
息县,0.005183573290185524,2001-01-05
郸城县,0.018478027244228954,2001-01-05
确山县,0.002433830077295963,2001-01-05
杞县,0.005975427928721849,2001-01-05
马村区,0.0032668368888023407,2001-01-05
西平县,0.003477329941679386,2001-01-05
辉县市,0.00477526162529842,2001-01-05
舞钢市,0.004533510612207184,2001-01-05
新野县,-0.0020764795424145642,2001-01-05
洛宁县,0.008853332157047925,2001-01-05
凤泉区,0.002272558349286116,2001-01-05
虞城县,0.02633232806325569,2001-01-05
项城市,0.01828421815011668,2001-01-05
渑池县,0.0065957933609341515,2001-01-05
商水县,0.01757363974964221,2001-01-05
禹州市,0.002761080931454777,2001-01-05
偃师市,-0.003111598712570121,2001-01-05
北关区,0.00403558419753865,2001-01-05
华龙区,0.002421019598527997,2001-01-05
武陟县,-0.0002657137325272921,2001-01-05
中原区,-0.002063456460143859,2001-01-05
内乡县,-3.384966858183538e-05,2001-01-05
山城区,0.0029838119203300017,2001-01-05
召陵区,0.011858858286837722,2001-01-05
汝南县,0.0027100423770184774,2001-01-05
遂平县,0.003859289506264743,2001-01-05
叶县,0.005122316573718066,2001-01-05
唐河县,-0.0023861871680036654,2001-01-05
西华县,0.01326168217606553,2001-01-05
汤阴县,0.0022184962091362334,2001-01-05
范县,0.003258969130208142,2001-01-05
吉利区,0.008870082156393,2001-01-05
管城回族区,0.0014092330521644583,2001-01-05
涧西区,0.004050465663059432,2001-01-05
淮滨县,0.005440755361726279,2001-01-05
孟州市,0.006004488996119942,2001-01-05
宝丰县,0.003946146642474582,2001-01-05
上街区,0.003088739288952843,2001-01-05
山阳区,0.005519343026579743,2001-01-05
宜阳县,0.0014858141821465136,2001-01-05
罗山县,0.0018280090581478555,2001-01-05
解放区,0.0051609335043668065,2001-01-05
驿城区,0.0011727413976688576,2001-01-05
淇滨区,0.0031629890281969007,2001-01-05
延津县,0.0023138339164255565,2001-01-05
魏都区,0.006667224948112327,2001-01-05
原阳县,0.0013139175579499997,2001-01-05
邓州市,-0.001177527415654609,2001-01-05
卧龙区,0.002068983089402946,2001-01-05
睢县,0.009996877385969249,2001-01-05
龙安区,0.0032813634127894986,2001-01-05
中站区,0.0043444049889356014,2001-01-05
夏邑县,0.03423491958948712,2001-01-05
沁阳市,-0.0006428931506045111,2001-01-05
平桥区,0.0006430829323294436,2001-01-05
光山县,0.006705135391495146,2001-01-05
泌阳县,0.0004133347052349974,2001-01-05
修武县,0.004209360634452112,2001-01-05
西峡县,0.0007298390032089583,2001-01-05
宛城区,0.00010570333446698894,2001-01-05
殷都区,0.004195834073427834,2001-01-05
老城区,-0.019204061791617502,2001-01-05
红旗区,0.0023323406660109634,2001-01-05
扶沟县,0.010573237870237355,2001-01-05
社旗县,0.0001418379362749905,2001-01-05
温县,-0.0020869170978645504,2001-01-05
太康县,0.015360735915225548,2001-01-05
正阳县,0.003794931969625471,2001-01-05
西工区,-0.0015200326569188543,2001-01-05
博爱县,-0.0006672439208345294,2001-01-05
柘城县,0.030268089818944455,2001-01-05
永城市,0.06031982248488444,2001-01-05
安阳县,0.004002670983185504,2001-01-05
湛河区,0.0031378946932935276,2001-01-05
襄城县,0.011501920925005115,2001-01-05
义马市,0.011563267919858289,2001-01-05
长垣县,0.003867922345050435,2001-01-05
兰考县,0.006037547769715033,2001-01-05
镇平县,0.0037030242737779214,2001-01-05
新密市,-0.00028865396686779355,2001-01-05
开封市区,0.0024236907814458933,2001-01-05
卫滨区,0.002866727346198085,2001-01-05
洛龙区,-0.0004154543017595418,2001-01-05
鄢陵县,0.009522521381335048,2001-01-05
卫东区,0.008439826139159471,2001-01-05
二七区,-0.0027435960560001854,2001-01-05
获嘉县,0.0032309494592730314,2001-01-05
南乐县,0.004075166156605637,2001-01-05
荥阳市,-0.002377734641582759,2001-01-05
濮阳县,0.0025494675117792606,2001-01-05
瀍河回族区,-0.013575457637472543,2001-01-05
灵宝市,0.02800444263224463,2001-01-05
上蔡县,0.005826771471397391,2001-01-05
通许县,0.007078576968273281,2001-01-05
新安县,0.003013999625672999,2001-01-05
鹿邑县,0.0343544179313678,2001-01-05
中牟县,0.0025032158860299266,2001-01-05
栾川县,0.017740260466824156,2001-01-05
沈丘县,0.016689228489164848,2001-01-05
郾城区,0.01281459200052671,2001-01-05
郏县,0.0015438861290324743,2001-01-05
惠济区,0.00022384597386691622,2001-01-05
宁陵县,0.009620529867884024,2001-01-05
陕县,0.02410252505294262,2001-01-05
伊川县,0.0007638542003163768,2001-01-05
汝阳县,-0.0007243307278542638,2001-01-05
鲁山县,0.0024415883929025887,2001-01-05
淅川县,-0.001229913059473711,2001-01-05
长葛市,0.009358150334880515,2001-01-05
新郑市,0.0013522154502169077,2001-01-05
川汇区,0.017416276218221213,2001-01-05
林州市,0.008083942415301408,2001-01-05
开封县,0.004168195746509065,2001-01-05
浚县,0.0021020927655458687,2001-01-05
牧野区,0.002134368364060074,2001-01-05
许昌县,0.006724872470207224,2001-01-05
新蔡县,0.004775324321940096,2001-01-05
桐柏县,0.0004076866707462566,2001-01-05
清丰县,0.0029925106073365043,2001-01-05
临颍县,0.011360767445752706,2001-01-05
淇县,0.0025499791834806525,2001-01-05
南召县,0.00349136465125383,2001-01-05
新华区,0.009029007893777745,2001-01-05
舞阳县,0.008630969671292055,2001-01-05
新乡县,0.0025643484466090095,2001-01-05
潢川县,0.009820161692420396,2001-01-05
滑县,0.0026165214273637027,2001-01-05
浉河区,-0.0006407316795445561,2001-01-05
卢氏县,0.010965276256040764,2001-01-05
梁园区,0.011548184333786468,2001-01-05
民权县,0.004015566779275463,2001-01-05
新县,0.006475487714064092,2001-01-05
尉氏县,0.0053065540139049594,2001-01-05
嵩县,0.003665432331837721,2001-01-05
湖滨区,0.0193433387698247,2001-01-05
方城县,0.004402246954955347,2001-01-05
淮阳县,0.01832969852433844,2001-01-05
济源市,0.007737435442431329,2001-01-05
平舆县,0.005527273512169986,2001-01-05
台前县,0.004666747844827022,2001-01-05
封丘县,0.0023601335862885216,2001-01-05
源汇区,0.010200565029758,2001-01-05
孟津县,0.0006123364619666021,2001-01-05
金水区,0.0017635013853607169,2001-01-05
睢阳区,0.024097270937097105,2001-01-05
固始县,0.011369293872795878,2001-01-05
商城县,0.009892834727572838,2001-01-05
登封市,8.388744477326408e-05,2001-01-05
巩义市,0.0007977604072551736,2001-01-05
汝州市,0.001875064706081647,2001-01-05
内黄县,0.0018727535729647154,2001-01-05
鹤山区,0.003515559069442936,2001-01-05
卫辉市,0.0022095859053048125,2001-01-05
文峰区,0.0024854804986798934,2001-01-05
石龙区,0.006764156836546985,2001-01-05
息县,-0.007473255766276727,2001-01-06
郸城县,-0.01250974768614603,2001-01-06
确山县,-0.009060370806162867,2001-01-06
杞县,-0.009007285315900128,2001-01-06
马村区,-0.006657634404938889,2001-01-06
西平县,-0.0028552271027898965,2001-01-06
辉县市,-0.005367746702184293,2001-01-06
舞钢市,-0.0025726576403881265,2001-01-06
新野县,-0.008974126479524759,2001-01-06
洛宁县,-0.0031736028201164897,2001-01-06
凤泉区,-0.004458265115375741,2001-01-06
虞城县,-0.010479205572677524,2001-01-06
项城市,-0.01119296646602239,2001-01-06
渑池县,-0.0032482130182907554,2001-01-06
商水县,-0.008352196254165316,2001-01-06
禹州市,-0.006639103928984701,2001-01-06
偃师市,-0.0019407842323878144,2001-01-06
北关区,-0.005454937047488406,2001-01-06
华龙区,-0.005404709912780117,2001-01-06
武陟县,-0.0036276759812217067,2001-01-06
中原区,-0.0026926874181362284,2001-01-06
内乡县,-0.00208456506680718,2001-01-06
山城区,-0.008957124128144063,2001-01-06
召陵区,-0.005880692233147428,2001-01-06
汝南县,-0.00806367197083375,2001-01-06
遂平县,-0.006323858518198088,2001-01-06
叶县,-0.007305615035326168,2001-01-06
唐河县,-0.007983712220378475,2001-01-06
西华县,-0.004490081320408884,2001-01-06
汤阴县,-0.008599592195288679,2001-01-06
范县,-0.005520992535439461,2001-01-06
吉利区,-0.002725658926707636,2001-01-06
管城回族区,-0.014136438467702527,2001-01-06
涧西区,0.0008611572827485352,2001-01-06
淮滨县,-0.006552776912855471,2001-01-06
孟州市,-0.003968678248972334,2001-01-06
宝丰县,-0.005511731015618814,2001-01-06
上街区,-0.0019184312213682022,2001-01-06
山阳区,-0.006873838109975536,2001-01-06
宜阳县,0.0005697485488787255,2001-01-06
罗山县,-0.007189334125702419,2001-01-06
解放区,-0.0064595038621736815,2001-01-06
驿城区,-0.005510591531892161,2001-01-06
淇滨区,-0.007230945763141395,2001-01-06
延津县,-0.004483010220200686,2001-01-06
魏都区,-0.008070036307141561,2001-01-06
原阳县,-0.004832016831988773,2001-01-06
邓州市,0.0006152582112040838,2001-01-06
卧龙区,-0.007727630093719507,2001-01-06
睢县,-0.010532371772361843,2001-01-06
龙安区,-0.0048749395356430195,2001-01-06
中站区,-0.005874063105223426,2001-01-06
夏邑县,-0.009131834307774383,2001-01-06
沁阳市,-0.004221576194905638,2001-01-06
平桥区,-0.006672743358366029,2001-01-06
光山县,-0.008852268569644316,2001-01-06
泌阳县,-0.0071102827279278065,2001-01-06
修武县,-0.006940708886232756,2001-01-06
西峡县,-0.005543914960848534,2001-01-06
宛城区,-0.009832099749946317,2001-01-06
殷都区,-0.004618042851520104,2001-01-06
老城区,-0.0034556517043551026,2001-01-06
红旗区,-0.0031968381724166925,2001-01-06
扶沟县,-0.004927404290856281,2001-01-06
社旗县,-0.0070116075887928,2001-01-06
温县,-0.004067992485675593,2001-01-06
太康县,-0.009762038990104572,2001-01-06
正阳县,-0.00509955852910966,2001-01-06
西工区,-0.005907679575300156,2001-01-06
博爱县,-0.005128289010502551,2001-01-06
柘城县,-0.010957717003889996,2001-01-06
永城市,-0.010234206060427554,2001-01-06
安阳县,-0.007507011225389782,2001-01-06
湛河区,0.0003368728719985794,2001-01-06
襄城县,-0.0055968255274314385,2001-01-06
义马市,0.000540839008092402,2001-01-06
长垣县,-0.004773432910899673,2001-01-06
兰考县,-0.009455277956114005,2001-01-06
镇平县,-0.0029904638070129322,2001-01-06
新密市,-0.009044491204865647,2001-01-06
开封市区,-0.0034974908901406502,2001-01-06
卫滨区,-0.006480278542244534,2001-01-06
洛龙区,0.002068891904617173,2001-01-06
鄢陵县,-0.004599934895835437,2001-01-06
卫东区,0.0024904072945152165,2001-01-06
二七区,-0.009121331699014976,2001-01-06
获嘉县,-0.004536877122719917,2001-01-06
南乐县,-0.007782761989826217,2001-01-06
荥阳市,-0.003359517886551882,2001-01-06
濮阳县,-0.0060907264154339905,2001-01-06
瀍河回族区,0.0002985120551189026,2001-01-06
灵宝市,-0.004130832811145856,2001-01-06
上蔡县,-0.0062550659207556945,2001-01-06
通许县,-0.011707193248942444,2001-01-06
新安县,-0.0038984865071576102,2001-01-06
鹿邑县,-0.011829502516052097,2001-01-06
中牟县,-0.007490210353583744,2001-01-06
栾川县,-0.0004089263037290061,2001-01-06
沈丘县,-0.012481249335308923,2001-01-06
郾城区,-0.0005036807121290353,2001-01-06
郏县,-0.0079353637547914,2001-01-06
惠济区,-0.002203015414996727,2001-01-06
宁陵县,-0.010422763421281693,2001-01-06
陕县,-0.004615219960543037,2001-01-06
伊川县,-0.0028442388592790735,2001-01-06
汝阳县,-0.002610112607405123,2001-01-06
鲁山县,-0.004247062293232142,2001-01-06
淅川县,-0.00030306022591852885,2001-01-06
长葛市,-0.008917869697656754,2001-01-06
新郑市,-0.008772424826476439,2001-01-06
川汇区,-0.009568708918144505,2001-01-06
林州市,-0.005873769652379259,2001-01-06
开封县,-0.0065274036703782306,2001-01-06
浚县,-0.004777126399937032,2001-01-06
牧野区,-0.005007110149064092,2001-01-06
许昌县,-0.0075505573310737355,2001-01-06
新蔡县,-0.00899942245911139,2001-01-06
桐柏县,-0.010208561102931696,2001-01-06
清丰县,-0.00595274916002341,2001-01-06
临颍县,-0.0010400003693699796,2001-01-06
淇县,-0.005093666115493041,2001-01-06
南召县,-0.004646160449725932,2001-01-06
新华区,-0.002866012374412738,2001-01-06
舞阳县,-0.0030906274757937684,2001-01-06
新乡县,-0.003183357353703707,2001-01-06
潢川县,-0.008394033508179964,2001-01-06
滑县,-0.005939487443110447,2001-01-06
浉河区,-0.00738595721006031,2001-01-06
卢氏县,-0.003717375563991871,2001-01-06
梁园区,-0.00889786247665665,2001-01-06
民权县,-0.011235617775461296,2001-01-06
新县,-0.010669819566824295,2001-01-06
尉氏县,-0.010080781715499216,2001-01-06
嵩县,-0.0003499545302627151,2001-01-06
湖滨区,-0.00803290314354131,2001-01-06
方城县,-0.008667124643788039,2001-01-06
淮阳县,-0.01113934691484416,2001-01-06
济源市,-0.005350485131917645,2001-01-06
平舆县,-0.009005181296574197,2001-01-06
台前县,-0.010741710347046348,2001-01-06
封丘县,-0.006050589273926561,2001-01-06
源汇区,-0.00624259197035884,2001-01-06
孟津县,-0.0018754840734982298,2001-01-06
金水区,-0.006839144434684261,2001-01-06
睢阳区,-0.010190040681228599,2001-01-06
固始县,-0.008817511586331508,2001-01-06
商城县,-0.007143201771268898,2001-01-06
登封市,-0.007917168822515364,2001-01-06
巩义市,-0.0029896016659596864,2001-01-06
汝州市,-0.00589572766194015,2001-01-06
内黄县,-0.004937697912291771,2001-01-06
鹤山区,-0.0032004494299361914,2001-01-06
卫辉市,-0.0068269220970865055,2001-01-06
文峰区,-0.005495536320528234,2001-01-06
石龙区,-0.006994622968301714,2001-01-06
息县,0.03517595862641958,2001-01-07
郸城县,0.030872430258263014,2001-01-07
确山县,0.08786394656522367,2001-01-07
杞县,0.0019011201932673217,2001-01-07
马村区,0.0019535946492525527,2001-01-07
西平县,0.06814608879259146,2001-01-07
辉县市,0.030013086252926466,2001-01-07
舞钢市,0.01550565920648177,2001-01-07
新野县,0.14336224862246316,2001-01-07
洛宁县,0.0198922394091054,2001-01-07
凤泉区,0.0022224497168156663,2001-01-07
虞城县,0.007509598373415693,2001-01-07
项城市,0.3658537713553621,2001-01-07
渑池县,-0.0025538189236505517,2001-01-07
商水县,0.2969467995317744,2001-01-07
禹州市,0.002245193185130254,2001-01-07
偃师市,-0.0011661902557665745,2001-01-07
北关区,-0.002967171498259072,2001-01-07
华龙区,-0.00191903563510412,2001-01-07
武陟县,0.0035169016335727284,2001-01-07
中原区,0.0053385858804159275,2001-01-07
内乡县,0.020228124948693315,2001-01-07
山城区,-0.0006794049362775971,2001-01-07
召陵区,0.12180728623685885,2001-01-07
汝南县,0.09300594273934426,2001-01-07
遂平县,0.042515846122672576,2001-01-07
叶县,0.021112938540887728,2001-01-07
唐河县,0.06829999038210653,2001-01-07
西华县,0.04290816874354865,2001-01-07
汤阴县,-0.004004845031271428,2001-01-07
范县,-0.004611835038406449,2001-01-07
吉利区,0.0049742437237836595,2001-01-07
管城回族区,0.006488965255196767,2001-01-07
涧西区,-0.005384695916764367,2001-01-07
淮滨县,0.027747887586565736,2001-01-07
孟州市,0.00818810039909781,2001-01-07
宝丰县,0.016393373267377363,2001-01-07
上街区,0.005492010197114174,2001-01-07
山阳区,-0.005002660615461057,2001-01-07
宜阳县,0.004994307135132364,2001-01-07
罗山县,0.021057958915447983,2001-01-07
解放区,-0.0029202312510468553,2001-01-07
驿城区,0.027238413885837774,2001-01-07
淇滨区,0.000314231817612148,2001-01-07
延津县,0.014386445609753301,2001-01-07
魏都区,0.025060698366548586,2001-01-07
原阳县,-5.451616600750653e-05,2001-01-07
邓州市,0.02954993399844211,2001-01-07
卧龙区,0.06716108988233113,2001-01-07
睢县,0.002902028316559854,2001-01-07
龙安区,-0.008228312845317779,2001-01-07
中站区,0.007327422829851554,2001-01-07
夏邑县,0.00845950363622123,2001-01-07
沁阳市,0.012421849968858192,2001-01-07
平桥区,0.01941550402038382,2001-01-07
光山县,0.015899805006439754,2001-01-07
泌阳县,0.03875846098870125,2001-01-07
修武县,0.006343379836248329,2001-01-07
西峡县,0.007120684052188027,2001-01-07
宛城区,0.06088826942653819,2001-01-07
殷都区,-0.0032845134105199754,2001-01-07
老城区,-0.002484942658372069,2001-01-07
红旗区,0.003426029609558994,2001-01-07
扶沟县,0.004447058055835976,2001-01-07
社旗县,0.03427321640954738,2001-01-07
温县,0.006268900460767769,2001-01-07
太康县,0.009485743138672476,2001-01-07
正阳县,0.049979484038775945,2001-01-07
西工区,-0.0032130228177586965,2001-01-07
博爱县,0.0092705099342448,2001-01-07
柘城县,0.01193608500333905,2001-01-07
永城市,0.010962868567862409,2001-01-07
安阳县,-0.002785656181600978,2001-01-07
湛河区,0.030509905450427314,2001-01-07
襄城县,0.03619016312748007,2001-01-07
义马市,-0.008461129739550132,2001-01-07
长垣县,0.002754777133612786,2001-01-07
兰考县,0.0007910238564588737,2001-01-07
镇平县,0.05057466252080008,2001-01-07
新密市,-0.003549463631012068,2001-01-07
开封市区,0.006252933880790467,2001-01-07
卫滨区,0.005613531167201315,2001-01-07
洛龙区,-0.004668825353701952,2001-01-07
鄢陵县,0.020639593026500126,2001-01-07
卫东区,0.02797609480519089,2001-01-07
二七区,0.0030717128220821956,2001-01-07
获嘉县,0.001981337974509799,2001-01-07
南乐县,-0.004085304881839559,2001-01-07
荥阳市,0.003814202381788703,2001-01-07
濮阳县,-0.0031614166081388733,2001-01-07
瀍河回族区,-0.0023864963277005356,2001-01-07
灵宝市,0.07127079265541135,2001-01-07
上蔡县,0.290810320130725,2001-01-07
通许县,0.005649236803868627,2001-01-07
新安县,-0.0017233892171566068,2001-01-07
鹿邑县,0.02206773636795437,2001-01-07
中牟县,0.005163217027728435,2001-01-07
栾川县,0.02899184301601246,2001-01-07
沈丘县,0.15605831445617951,2001-01-07
郾城区,0.06799102924602156,2001-01-07
郏县,0.018030488335781136,2001-01-07
惠济区,0.005195689085029222,2001-01-07
宁陵县,0.005221781382761522,2001-01-07
陕县,0.03095332854906973,2001-01-07
伊川县,0.004992669696574519,2001-01-07
汝阳县,0.012242125051799642,2001-01-07
鲁山县,0.010002074346044349,2001-01-07
淅川县,0.0009417084892991235,2001-01-07
长葛市,0.012242601858642376,2001-01-07
新郑市,0.0009486033522104731,2001-01-07
川汇区,0.16350915820157366,2001-01-07
林州市,0.001288092982813596,2001-01-07
开封县,0.00813005378417595,2001-01-07
浚县,-0.002333014965426176,2001-01-07
牧野区,-0.0010497370721733663,2001-01-07
许昌县,0.02074199030803492,2001-01-07
新蔡县,0.13066280877227712,2001-01-07
桐柏县,0.08847418390177234,2001-01-07
清丰县,-0.00275545956902621,2001-01-07
临颍县,0.03509718214701904,2001-01-07
淇县,0.0175033459093893,2001-01-07
南召县,0.027168438734794475,2001-01-07
新华区,0.02815940507050471,2001-01-07
舞阳县,0.03896290225009753,2001-01-07
新乡县,0.0059034064604691775,2001-01-07
潢川县,0.018649967010825448,2001-01-07
滑县,0.001173998642402726,2001-01-07
浉河区,0.033939035834808555,2001-01-07
卢氏县,0.02172261930136054,2001-01-07
梁园区,0.004322733577911232,2001-01-07
民权县,-0.0001795239997212468,2001-01-07
新县,0.026950462963293797,2001-01-07
尉氏县,0.01184336512397093,2001-01-07
嵩县,0.010557412845784406,2001-01-07
湖滨区,0.010603532544222069,2001-01-07
方城县,0.026115353302221582,2001-01-07
淮阳县,0.07558941097115805,2001-01-07
济源市,0.008650144174256112,2001-01-07
平舆县,0.2252334041468331,2001-01-07
台前县,-0.0060363564961415485,2001-01-07
封丘县,0.006975665678949994,2001-01-07
源汇区,0.08620040039875869,2001-01-07
孟津县,-0.000797211953937947,2001-01-07
金水区,0.0017642043402836154,2001-01-07
睢阳区,0.008505906229849515,2001-01-07
固始县,0.03000293949950992,2001-01-07
商城县,0.014577175322445651,2001-01-07
登封市,-0.004325770918609223,2001-01-07
巩义市,0.002823765295302886,2001-01-07
汝州市,0.016102582907740793,2001-01-07
内黄县,-0.0012165916092507407,2001-01-07
鹤山区,0.0013128660140215563,2001-01-07
卫辉市,0.02216548858177749,2001-01-07
文峰区,-0.004550216091805376,2001-01-07
石龙区,0.015563359583633073,2001-01-07
息县,-0.013326249804943293,2001-01-08
郸城县,-0.009943932743733565,2001-01-08
确山县,-0.01221601849461488,2001-01-08
杞县,-0.008872336834837822,2001-01-08
马村区,-0.009762882174413975,2001-01-08
西平县,-0.011421234585225043,2001-01-08
辉县市,-0.007052212146748174,2001-01-08
舞钢市,-0.012112632522148649,2001-01-08
新野县,-0.010400772526485216,2001-01-08
洛宁县,-0.012688721661192724,2001-01-08
凤泉区,-0.008933890527691139,2001-01-08
虞城县,-0.007690046943559261,2001-01-08
项城市,-0.011881415971803682,2001-01-08
渑池县,-0.008284480251128608,2001-01-08
商水县,-0.007669251020772354,2001-01-08
禹州市,-0.010578674774189245,2001-01-08
偃师市,-0.01009853297373347,2001-01-08
北关区,-0.005969086609900636,2001-01-08
华龙区,-0.005263185235570899,2001-01-08
武陟县,-0.011490691847445849,2001-01-08
中原区,-0.011392661913090543,2001-01-08
内乡县,-0.013845943081122683,2001-01-08
山城区,-0.00357721888660161,2001-01-08
召陵区,-0.008589536598449217,2001-01-08
汝南县,-0.009764673050644717,2001-01-08
遂平县,-0.01047306540979027,2001-01-08
叶县,-0.009198185634996983,2001-01-08
唐河县,-0.01640264280946565,2001-01-08
西华县,-0.005916807166614246,2001-01-08
汤阴县,-0.004386754909648046,2001-01-08
范县,-0.00666217010650394,2001-01-08
吉利区,-0.012144616893498113,2001-01-08
管城回族区,-0.009606931262350526,2001-01-08
涧西区,-0.010394864903240875,2001-01-08
淮滨县,-0.012255278995083855,2001-01-08
孟州市,-0.012321611507234317,2001-01-08
宝丰县,-0.012455230751902134,2001-01-08
上街区,-0.01000200237081862,2001-01-08
山阳区,-0.010966615620049719,2001-01-08
宜阳县,-0.012616888363372276,2001-01-08
罗山县,-0.012888291140673105,2001-01-08
解放区,-0.010114033152120207,2001-01-08
驿城区,-0.008432281633086016,2001-01-08
淇滨区,-0.005034795706942267,2001-01-08
延津县,-0.008957420312738487,2001-01-08
魏都区,-0.007809808638362844,2001-01-08
原阳县,-0.011370675952895981,2001-01-08
邓州市,-0.011964574505464776,2001-01-08
卧龙区,-0.019695275098351395,2001-01-08
睢县,-0.0073391848639593514,2001-01-08
龙安区,-0.004683461981594529,2001-01-08
中站区,-0.010321094849253072,2001-01-08
夏邑县,-0.007535471118011633,2001-01-08
沁阳市,-0.012263614380506053,2001-01-08
平桥区,-0.016316916986406194,2001-01-08
光山县,-0.012580788300842334,2001-01-08
泌阳县,-0.01386613431276044,2001-01-08
修武县,-0.0104662831990736,2001-01-08
西峡县,-0.01276313869497721,2001-01-08
宛城区,-0.020420265227535338,2001-01-08
殷都区,-0.005828011191268341,2001-01-08
老城区,-0.01082831430311526,2001-01-08
红旗区,-0.00942232753685579,2001-01-08
扶沟县,-0.006769243054196787,2001-01-08
社旗县,-0.017907371737540864,2001-01-08
温县,-0.011756066472269134,2001-01-08
太康县,-0.006317484603943607,2001-01-08
正阳县,-0.012276741474734804,2001-01-08
西工区,-0.011186669984564015,2001-01-08
博爱县,-0.011524981707959134,2001-01-08
柘城县,-0.006524186370404973,2001-01-08
永城市,-0.0070618690140275145,2001-01-08
安阳县,-0.005035583692632295,2001-01-08
湛河区,-0.00926119400397014,2001-01-08
襄城县,-0.008879368621029825,2001-01-08
义马市,-0.008055757113898394,2001-01-08
长垣县,-0.008117235703090772,2001-01-08
兰考县,-0.009120125154364537,2001-01-08
镇平县,-0.017156767088578842,2001-01-08
新密市,-0.009753205179618724,2001-01-08
开封市区,-0.010829690824694165,2001-01-08
卫滨区,-0.01060651713365457,2001-01-08
洛龙区,-0.010637457958345423,2001-01-08
鄢陵县,-0.006676831643115028,2001-01-08
卫东区,-0.010900561667980573,2001-01-08
二七区,-0.010648936273973009,2001-01-08
获嘉县,-0.011962235062010391,2001-01-08
南乐县,-0.005245580828374423,2001-01-08
荥阳市,-0.01141951032195225,2001-01-08
濮阳县,-0.005063897279753595,2001-01-08
瀍河回族区,-0.010921554595176986,2001-01-08
灵宝市,-0.010376759501412217,2001-01-08
上蔡县,-0.01180969912444228,2001-01-08
通许县,-0.009870363050309031,2001-01-08
新安县,-0.010198637459511446,2001-01-08
鹿邑县,-0.009904326706493324,2001-01-08
中牟县,-0.009309314989099326,2001-01-08
栾川县,-0.012398805751245677,2001-01-08
沈丘县,-0.011449445160002956,2001-01-08
郾城区,-0.005503244848017822,2001-01-08
郏县,-0.012677191899730834,2001-01-08
惠济区,-0.010256212538299572,2001-01-08
宁陵县,-0.006445782642094288,2001-01-08
陕县,-0.009939593159043919,2001-01-08
伊川县,-0.011223552626770685,2001-01-08
汝阳县,-0.014147358276959749,2001-01-08
鲁山县,-0.01127528407455284,2001-01-08
淅川县,-0.010707103363673046,2001-01-08
长葛市,-0.00819854161941703,2001-01-08
新郑市,-0.009891350526289535,2001-01-08
川汇区,-0.006588732082386911,2001-01-08
林州市,-0.004465025515664132,2001-01-08
开封县,-0.008641916284557426,2001-01-08
浚县,-0.006313741740686898,2001-01-08
牧野区,-0.009117174511809578,2001-01-08
许昌县,-0.007547518589369776,2001-01-08
新蔡县,-0.009257477768071799,2001-01-08
桐柏县,-0.017394043236015677,2001-01-08
清丰县,-0.0058569939007144765,2001-01-08
临颍县,-0.00582391670509629,2001-01-08
淇县,-0.006422478880823524,2001-01-08
南召县,-0.015666125780999077,2001-01-08
新华区,-0.012764781203804651,2001-01-08
舞阳县,-0.009769782505505427,2001-01-08
新乡县,-0.010996353069065212,2001-01-08
潢川县,-0.014232232198293091,2001-01-08
滑县,-0.00512924090614041,2001-01-08
浉河区,-0.01880045292585297,2001-01-08
卢氏县,-0.011325223605376501,2001-01-08
梁园区,-0.007962526057675405,2001-01-08
民权县,-0.008249067841777142,2001-01-08
新县,-0.017728171028200748,2001-01-08
尉氏县,-0.008439160273441696,2001-01-08
嵩县,-0.012866663729861056,2001-01-08
湖滨区,-0.009832441029919368,2001-01-08
方城县,-0.013828132685947115,2001-01-08
淮阳县,-0.0078083643932261495,2001-01-08
济源市,-0.011060481174603202,2001-01-08
平舆县,-0.011094662815797409,2001-01-08
台前县,-0.00556625893447941,2001-01-08
封丘县,-0.01023014536679126,2001-01-08
源汇区,-0.01002865473274189,2001-01-08
孟津县,-0.011235370486619285,2001-01-08
金水区,-0.009775680846285635,2001-01-08
睢阳区,-0.007578536419282235,2001-01-08
固始县,-0.013837132806165461,2001-01-08
商城县,-0.016697933550920127,2001-01-08
登封市,-0.010426679257454299,2001-01-08
巩义市,-0.01184529576363802,2001-01-08
汝州市,-0.013206662234645008,2001-01-08
内黄县,-0.005217999136432793,2001-01-08
鹤山区,-0.004086606111752401,2001-01-08
卫辉市,-0.007168789208728664,2001-01-08
文峰区,-0.004478448285129328,2001-01-08
石龙区,-0.010756468314559625,2001-01-08
息县,0.00667818909599559,2001-01-09
郸城县,0.027904490495810928,2001-01-09
确山县,0.004110466909053011,2001-01-09
杞县,-0.0012160330071852366,2001-01-09
马村区,0.0016306890287333372,2001-01-09
西平县,0.0002755633702206895,2001-01-09
辉县市,0.008929234649090324,2001-01-09
舞钢市,-0.007797647156710424,2001-01-09
新野县,0.001869272237862741,2001-01-09
洛宁县,0.011644780098807058,2001-01-09
凤泉区,0.0009247704125450512,2001-01-09
虞城县,0.02499275213780602,2001-01-09
项城市,0.040022078540134336,2001-01-09
渑池县,0.0055018311979689975,2001-01-09
商水县,0.0360871040389575,2001-01-09
禹州市,0.002743669908874862,2001-01-09
偃师市,0.00291538085595952,2001-01-09
北关区,-0.0020649798040755173,2001-01-09
华龙区,-0.008507699789860887,2001-01-09
武陟县,-0.013546667994236223,2001-01-09
中原区,-0.010825277716100005,2001-01-09
内乡县,0.030753438964771618,2001-01-09
山城区,-0.00517592557402994,2001-01-09
召陵区,0.00915589830022686,2001-01-09
汝南县,0.010260553761575305,2001-01-09
遂平县,-0.006064096635873201,2001-01-09
叶县,-0.009417664798774757,2001-01-09
唐河县,-0.007734049008314014,2001-01-09
西华县,0.001819334045309193,2001-01-09
汤阴县,-0.003378968537225427,2001-01-09
范县,-0.005132828830418456,2001-01-09
吉利区,-0.006245930775237851,2001-01-09
管城回族区,-0.007079854804469318,2001-01-09
涧西区,-0.016951351922246213,2001-01-09
淮滨县,0.00519211029389008,2001-01-09
孟州市,-0.002632719505318917,2001-01-09
宝丰县,-0.013196612870948754,2001-01-09
上街区,-0.013972449461706194,2001-01-09
山阳区,-0.009312057089178758,2001-01-09
宜阳县,-0.007586542040212526,2001-01-09
罗山县,0.009587748995713512,2001-01-09
解放区,0.0050476944029613615,2001-01-09
驿城区,-0.00265959062384779,2001-01-09
淇滨区,-0.000688987917550216,2001-01-09
延津县,-0.003479952818143258,2001-01-09
魏都区,0.014689827669540242,2001-01-09
原阳县,-0.01092894991830157,2001-01-09
邓州市,0.0074863207460034754,2001-01-09
卧龙区,0.00372852782435864,2001-01-09
睢县,0.001809999607330595,2001-01-09
龙安区,-0.000531457315208914,2001-01-09
中站区,0.0046469589874793115,2001-01-09
夏邑县,0.039295832650010104,2001-01-09
沁阳市,-0.0019769372447152327,2001-01-09
平桥区,0.0022555553514877332,2001-01-09
光山县,0.005216351457032462,2001-01-09
泌阳县,-0.0017216301963257875,2001-01-09
修武县,-0.002000501737496299,2001-01-09
西峡县,0.060960383307442245,2001-01-09
宛城区,-0.00868643498595236,2001-01-09
殷都区,-0.0025984671085020152,2001-01-09
老城区,-0.0037755417144296356,2001-01-09
红旗区,-0.008080438039839677,2001-01-09
扶沟县,-0.006046761466148498,2001-01-09
社旗县,-0.008540890347324042,2001-01-09
温县,-0.010557206972614485,2001-01-09
太康县,0.003442261135950846,2001-01-09
正阳县,0.005258417375167787,2001-01-09
西工区,-0.01194635112284369,2001-01-09
博爱县,-0.002253022673043192,2001-01-09
柘城县,0.01910416052387793,2001-01-09
永城市,0.03833082391456186,2001-01-09
安阳县,-0.0003387613291411731,2001-01-09
湛河区,0.001288758624451825,2001-01-09
襄城县,0.0015765251152222923,2001-01-09
义马市,0.008394000778939589,2001-01-09
长垣县,-0.005750263269669081,2001-01-09
兰考县,-0.005071905983035928,2001-01-09
镇平县,0.019906612083325614,2001-01-09
新密市,-0.006557928615516419,2001-01-09
开封市区,-0.004501647786788585,2001-01-09
卫滨区,-0.009696657587396575,2001-01-09
洛龙区,-0.009847091509545564,2001-01-09
鄢陵县,-0.00046661794462708197,2001-01-09
卫东区,0.0023170575092108293,2001-01-09
二七区,-0.008634557663250355,2001-01-09
获嘉县,-0.00851013575217832,2001-01-09
南乐县,-0.007604973444182983,2001-01-09
荥阳市,-0.010790862036052914,2001-01-09
濮阳县,-0.010691269575828968,2001-01-09
瀍河回族区,4.545660760938156e-05,2001-01-09
灵宝市,0.09865787979628395,2001-01-09
上蔡县,0.046541901174025596,2001-01-09
通许县,-0.0019931267699291842,2001-01-09
新安县,5.1823334416067065e-05,2001-01-09
鹿邑县,0.035607643706501144,2001-01-09
中牟县,-0.007553019167062731,2001-01-09
栾川县,0.021435302363552226,2001-01-09
沈丘县,0.01898018897924726,2001-01-09
郾城区,0.015396656877134773,2001-01-09
郏县,-0.0068677263169912425,2001-01-09
惠济区,-0.012078827721097172,2001-01-09
宁陵县,0.00636711068213926,2001-01-09
陕县,0.02356463007143262,2001-01-09
伊川县,-0.008343156784940211,2001-01-09
汝阳县,-0.0017565451327386978,2001-01-09
鲁山县,0.0030306024685149134,2001-01-09
淅川县,0.10194548050842032,2001-01-09
长葛市,0.0026679023466504577,2001-01-09
新郑市,-0.008062749017960868,2001-01-09
川汇区,0.02061744196746578,2001-01-09
林州市,0.0002443623906614876,2001-01-09
开封县,-0.0020234552225237897,2001-01-09
浚县,-0.0010152813892534789,2001-01-09
牧野区,-0.0036465829134073855,2001-01-09
许昌县,0.008972302394584589,2001-01-09
新蔡县,0.01237652659740318,2001-01-09
桐柏县,0.007466607161116818,2001-01-09
清丰县,-0.008384845489879302,2001-01-09
临颍县,0.007423226381035497,2001-01-09
淇县,0.007733437097315006,2001-01-09
南召县,0.026402614326307902,2001-01-09
新华区,-0.010744972693686102,2001-01-09
舞阳县,-0.00537088827159831,2001-01-09
新乡县,-0.008943248211250246,2001-01-09
潢川县,0.0065561711011038835,2001-01-09
滑县,-0.00586482548162494,2001-01-09
浉河区,0.0012284846778866376,2001-01-09
卢氏县,0.025268311450740346,2001-01-09
梁园区,0.006625816951567002,2001-01-09
民权县,-0.0032190402141524864,2001-01-09
新县,0.02656005910555732,2001-01-09
尉氏县,-0.003751016848418066,2001-01-09
嵩县,0.006114022086625762,2001-01-09
湖滨区,0.01379069040875306,2001-01-09
方城县,0.003393769800840472,2001-01-09
淮阳县,0.02145440377669639,2001-01-09
济源市,0.0053270315183553685,2001-01-09
平舆县,0.02515682989478793,2001-01-09
台前县,-0.0035115826779670792,2001-01-09
封丘县,-0.004749795299024622,2001-01-09
源汇区,0.012330213292080188,2001-01-09
孟津县,-0.005828846297176371,2001-01-09
金水区,-0.011212860656438022,2001-01-09
睢阳区,0.01674135945616785,2001-01-09
固始县,0.006526911030505744,2001-01-09
商城县,0.004481991095097813,2001-01-09
登封市,-0.004230559057457464,2001-01-09
巩义市,-0.004330654439731165,2001-01-09
汝州市,0.0060082421468138384,2001-01-09
内黄县,-0.003636635544286346,2001-01-09
鹤山区,-0.00022866725087574704,2001-01-09
卫辉市,0.008082773965969367,2001-01-09
文峰区,-0.0009517085284602428,2001-01-09
石龙区,-0.00269629109040554,2001-01-09
息县,0.19816897378833606,2001-01-10
郸城县,0.23296811527638794,2001-01-10
确山县,0.09421099090007315,2001-01-10
杞县,0.010285799782855341,2001-01-10
马村区,0.01165690269922829,2001-01-10
西平县,0.031068091654933426,2001-01-10
辉县市,0.027179229205199544,2001-01-10
舞钢市,0.007895448865786725,2001-01-10
新野县,0.0597657616022603,2001-01-10
洛宁县,0.046423820527338636,2001-01-10
凤泉区,0.009433148120756503,2001-01-10
虞城县,0.11491471958690566,2001-01-10
项城市,0.34302230253623933,2001-01-10
渑池县,0.023243593544699084,2001-01-10
商水县,0.15186723465985072,2001-01-10
禹州市,0.0309439817902539,2001-01-10
偃师市,0.026867389751528702,2001-01-10
北关区,0.009263107672117242,2001-01-10
华龙区,0.007181276815417161,2001-01-10
武陟县,-0.0004359890625843297,2001-01-10
中原区,0.0016344857341146206,2001-01-10
内乡县,0.17654675738215944,2001-01-10
山城区,0.00775750433037313,2001-01-10
召陵区,0.04896673517067685,2001-01-10
汝南县,0.13186158048139301,2001-01-10
遂平县,0.020571016830878513,2001-01-10
叶县,0.01635176950809243,2001-01-10
唐河县,0.055341248035840465,2001-01-10
西华县,0.026918084666417073,2001-01-10
汤阴县,0.008718265650510539,2001-01-10
范县,0.007050016312891514,2001-01-10
吉利区,0.018046470281976153,2001-01-10
管城回族区,0.009560477332006554,2001-01-10
涧西区,0.003721636878630534,2001-01-10
淮滨县,0.19233569249105928,2001-01-10
孟州市,0.01894512975751564,2001-01-10
宝丰县,0.011314139957715975,2001-01-10
上街区,-0.0002887408157618736,2001-01-10
山阳区,0.010127085883316747,2001-01-10
宜阳县,0.01299935396482851,2001-01-10
罗山县,0.2108204732023353,2001-01-10
解放区,0.02467484145878187,2001-01-10
驿城区,0.03722535473636181,2001-01-10
淇滨区,0.017906503001034316,2001-01-10
延津县,0.014421691554616338,2001-01-10
魏都区,0.05554718950540047,2001-01-10
原阳县,0.004055870487074815,2001-01-10
邓州市,0.06465075163664685,2001-01-10
卧龙区,0.0795750711070733,2001-01-10
睢县,0.026194689995406757,2001-01-10
龙安区,0.006143772218080811,2001-01-10
中站区,0.023846278468841173,2001-01-10
夏邑县,0.24875006432786767,2001-01-10
沁阳市,0.021580431790662803,2001-01-10
平桥区,0.12117944301806913,2001-01-10
光山县,0.21389028136609944,2001-01-10
泌阳县,0.03179438575491955,2001-01-10
修武县,0.014544707851115167,2001-01-10
西峡县,0.19840297965248777,2001-01-10
宛城区,0.022472455361481413,2001-01-10
殷都区,0.010383275311073166,2001-01-10
老城区,0.009968728686692232,2001-01-10
红旗区,0.011823277717925532,2001-01-10
扶沟县,0.007861401348529388,2001-01-10
社旗县,0.023242470652131277,2001-01-10
温县,0.007496892499759764,2001-01-10
太康县,0.032927240974597996,2001-01-10
正阳县,0.18575801119346008,2001-01-10
西工区,0.015734574536263018,2001-01-10
博爱县,0.017903380008025244,2001-01-10
柘城县,0.09803669339832413,2001-01-10
永城市,0.4747048426074422,2001-01-10
安阳县,0.011725688531002717,2001-01-10
湛河区,0.03774488826646704,2001-01-10
襄城县,0.038935772478562176,2001-01-10
义马市,0.019722341981920723,2001-01-10
长垣县,0.005446247368472263,2001-01-10
兰考县,0.007534549008758543,2001-01-10
镇平县,0.17334128390121337,2001-01-10
新密市,0.006215405396389026,2001-01-10
开封市区,0.00902802816469602,2001-01-10
卫滨区,0.004395907161605628,2001-01-10
洛龙区,0.01674999880795237,2001-01-10
鄢陵县,0.022639178100880543,2001-01-10
卫东区,0.028531563133879053,2001-01-10
二七区,0.0038448074161760446,2001-01-10
获嘉县,0.00417948691474392,2001-01-10
南乐县,0.007237281458876274,2001-01-10
荥阳市,-0.0009717121858190753,2001-01-10
濮阳县,0.004660976487689848,2001-01-10
瀍河回族区,0.012997375474976708,2001-01-10
灵宝市,0.13257550072291877,2001-01-10
上蔡县,0.19244131832158626,2001-01-10
通许县,0.011249813456598246,2001-01-10
新安县,0.02225461106204495,2001-01-10
鹿邑县,0.1989914091590574,2001-01-10
中牟县,0.009271257290967729,2001-01-10
栾川县,0.06675859093200111,2001-01-10
沈丘县,0.28850259207691253,2001-01-10
郾城区,0.07334709387944062,2001-01-10
郏县,0.018958814768035025,2001-01-10
惠济区,0.0001580785759983956,2001-01-10
宁陵县,0.03900525937193931,2001-01-10
陕县,0.04072330292322597,2001-01-10
伊川县,0.01121271256711198,2001-01-10
汝阳县,0.02858130818918133,2001-01-10
鲁山县,0.05061556945538229,2001-01-10
淅川县,0.1575380363556574,2001-01-10
长葛市,0.024189794769437393,2001-01-10
新郑市,0.005689607404315382,2001-01-10
川汇区,0.08857104496445034,2001-01-10
林州市,0.017842847413001517,2001-01-10
开封县,0.013767989901688173,2001-01-10
浚县,0.008208340917324359,2001-01-10
牧野区,0.009743229511267219,2001-01-10
许昌县,0.044941581708020636,2001-01-10
新蔡县,0.2466866203537745,2001-01-10
桐柏县,0.1240831454687013,2001-01-10
清丰县,0.006497467947798618,2001-01-10
临颍县,0.047841495788840754,2001-01-10
淇县,0.029556551448140095,2001-01-10
南召县,0.13016258794136945,2001-01-10
新华区,0.01752536664104989,2001-01-10
舞阳县,0.02953225421877856,2001-01-10
新乡县,0.007349757427510044,2001-01-10
潢川县,0.21729103377919412,2001-01-10
滑县,0.005613612462159698,2001-01-10
浉河区,0.1116714758837616,2001-01-10
卢氏县,0.06487224161681057,2001-01-10
梁园区,0.03715675533152569,2001-01-10
民权县,0.01185331642603026,2001-01-10
新县,0.10987353218331282,2001-01-10
尉氏县,0.013470709040889175,2001-01-10
嵩县,0.035915210530272974,2001-01-10
湖滨区,0.0014806798354528015,2001-01-10
方城县,0.0392829199954136,2001-01-10
淮阳县,0.11719487451717886,2001-01-10
济源市,0.030238421824648528,2001-01-10
平舆县,0.28124124873289996,2001-01-10
台前县,0.006226341469571353,2001-01-10
封丘县,0.008612774671176066,2001-01-10
源汇区,0.07417145725856393,2001-01-10
孟津县,0.012185534729196515,2001-01-10
金水区,0.002956303186666756,2001-01-10
睢阳区,0.07850295045428343,2001-01-10
固始县,0.13567850033824738,2001-01-10
商城县,0.207761714327325,2001-01-10
登封市,0.01160034345684417,2001-01-10
巩义市,0.01149324782539368,2001-01-10
汝州市,0.0578409366616119,2001-01-10
内黄县,0.006969509062349641,2001-01-10
鹤山区,0.01612708069839082,2001-01-10
卫辉市,0.03626575554299429,2001-01-10
文峰区,0.004683442076352945,2001-01-10
石龙区,0.030115141186774604,2001-01-10
息县,0.21826697235390172,2001-01-11
郸城县,0.02093263363909168,2001-01-11
确山县,0.25268438519858094,2001-01-11
杞县,0.007908143445493088,2001-01-11
马村区,0.011027314179234948,2001-01-11
西平县,0.01776841993477985,2001-01-11
辉县市,0.013962220166876687,2001-01-11
舞钢市,0.013638783686526908,2001-01-11
新野县,0.0411488615697519,2001-01-11
洛宁县,0.08316208174768434,2001-01-11
凤泉区,0.012367329318807302,2001-01-11
虞城县,0.018162980307514294,2001-01-11
项城市,0.09242031988526259,2001-01-11
渑池县,0.038332894015663886,2001-01-11
商水县,0.019815020442478074,2001-01-11
禹州市,0.0128390415796767,2001-01-11
偃师市,0.017922801796752888,2001-01-11
北关区,0.015122499335286437,2001-01-11
华龙区,0.009369250007103931,2001-01-11
武陟县,0.011061738203532156,2001-01-11
中原区,0.009898485677702965,2001-01-11
内乡县,0.09959235871346905,2001-01-11
山城区,0.01216267979435411,2001-01-11
召陵区,0.018470269057960394,2001-01-11
汝南县,0.16621007735838805,2001-01-11
遂平县,0.018423447188115796,2001-01-11
叶县,0.020179655581433066,2001-01-11
唐河县,0.07310760648163431,2001-01-11
西华县,0.010511004044344492,2001-01-11
汤阴县,0.009266246202346335,2001-01-11
范县,0.009907765066721433,2001-01-11
吉利区,0.01685068053029636,2001-01-11
管城回族区,0.009199649337899966,2001-01-11
涧西区,0.0147618475041395,2001-01-11
淮滨县,0.17871073949576158,2001-01-11
孟州市,0.01610895198379919,2001-01-11
宝丰县,0.013368037937366455,2001-01-11
上街区,0.012445443658772717,2001-01-11
山阳区,0.01094635453171254,2001-01-11
宜阳县,0.019281611552038454,2001-01-11
罗山县,0.25033542327779,2001-01-11
解放区,0.012998411944265634,2001-01-11
驿城区,0.04899773446052546,2001-01-11
淇滨区,0.013185236333337121,2001-01-11
延津县,0.011860804196067202,2001-01-11
魏都区,0.009385504731195024,2001-01-11
原阳县,0.008811851698408141,2001-01-11
邓州市,0.021520916008150585,2001-01-11
卧龙区,0.03366885656311767,2001-01-11
睢县,0.006782888212781656,2001-01-11
龙安区,0.012515094000892266,2001-01-11
中站区,0.014004487893069163,2001-01-11
夏邑县,0.03864372341367009,2001-01-11
沁阳市,0.01649747195565609,2001-01-11
平桥区,0.19849946339943134,2001-01-11
光山县,0.23970305633704445,2001-01-11
泌阳县,0.10888143871792615,2001-01-11
修武县,0.011372685775426382,2001-01-11
西峡县,0.16509377473053247,2001-01-11
宛城区,0.029526395244145846,2001-01-11
殷都区,0.013891437290313016,2001-01-11
老城区,0.016443571386555274,2001-01-11
红旗区,0.009312741533476271,2001-01-11
扶沟县,0.006407249539694497,2001-01-11
社旗县,0.023071394564885824,2001-01-11
温县,0.013530212078117767,2001-01-11
太康县,0.008618382902493544,2001-01-11
正阳县,0.2351203409040158,2001-01-11
西工区,0.018218146886442844,2001-01-11
博爱县,0.01386666758196997,2001-01-11
柘城县,0.013345303580493085,2001-01-11
永城市,0.06500508818012993,2001-01-11
安阳县,0.012921240292562506,2001-01-11
湛河区,0.013992541073618348,2001-01-11
襄城县,0.011320846916764396,2001-01-11
义马市,0.04631948945825793,2001-01-11
长垣县,0.009731119434257845,2001-01-11
兰考县,0.008474134429520714,2001-01-11
镇平县,0.09049019676981455,2001-01-11
新密市,0.012753765975625322,2001-01-11
开封市区,0.00947837027077449,2001-01-11
卫滨区,0.010358137779995127,2001-01-11
洛龙区,0.015726927265304756,2001-01-11
鄢陵县,0.008868590055141463,2001-01-11
卫东区,0.011709767500526486,2001-01-11
二七区,0.010567871017591315,2001-01-11
获嘉县,0.011073768391864991,2001-01-11
南乐县,0.007922338520645032,2001-01-11
荥阳市,0.010531536880120266,2001-01-11
濮阳县,0.009171511986128934,2001-01-11
瀍河回族区,0.015786385701186616,2001-01-11
灵宝市,0.1918860212204926,2001-01-11
上蔡县,0.028267556467401356,2001-01-11
通许县,0.007828354069131103,2001-01-11
新安县,0.028912582578781997,2001-01-11
鹿邑县,0.018090542908457442,2001-01-11
中牟县,0.008779953832796296,2001-01-11
栾川县,0.1082667150365972,2001-01-11
沈丘县,0.16278627844945281,2001-01-11
郾城区,0.015662277282668915,2001-01-11
郏县,0.01097153837896902,2001-01-11
惠济区,0.010778314292673065,2001-01-11
宁陵县,0.010292927599072644,2001-01-11
陕县,0.09179557783260561,2001-01-11
伊川县,0.013553700277175076,2001-01-11
汝阳县,0.0506931524989485,2001-01-11
鲁山县,0.023609537215976615,2001-01-11
淅川县,0.08632490669756691,2001-01-11
长葛市,0.008670105891314948,2001-01-11
新郑市,0.009173254774972538,2001-01-11
川汇区,0.01716558858004,2001-01-11
林州市,0.012839862503017269,2001-01-11
开封县,0.009954933359163256,2001-01-11
浚县,0.009750098823658985,2001-01-11
牧野区,0.011852606227590252,2001-01-11
许昌县,0.009385980120374829,2001-01-11
新蔡县,0.18297503614338925,2001-01-11
桐柏县,0.23628329520667132,2001-01-11
清丰县,0.008418277612142396,2001-01-11
临颍县,0.010984061176923705,2001-01-11
淇县,0.021333550977182134,2001-01-11
南召县,0.026163340250116164,2001-01-11
新华区,0.011000368139393138,2001-01-11
舞阳县,0.014254644322224494,2001-01-11
新乡县,0.01011951752911805,2001-01-11
潢川县,0.24604955221008987,2001-01-11
滑县,0.009783590262090221,2001-01-11
浉河区,0.19032456581327353,2001-01-11
卢氏县,0.10547545840492677,2001-01-11
梁园区,0.013885441593179547,2001-01-11
民权县,0.008383631684491768,2001-01-11
新县,0.295768146824652,2001-01-11
尉氏县,0.008292721115709705,2001-01-11
嵩县,0.057798183738948725,2001-01-11
湖滨区,0.0935180056164204,2001-01-11
方城县,0.03967390683791009,2001-01-11
淮阳县,0.016131197077365666,2001-01-11
济源市,0.031042883349082916,2001-01-11
平舆县,0.16896462726689407,2001-01-11
台前县,0.010512195173175448,2001-01-11
封丘县,0.008789351962869724,2001-01-11
源汇区,0.02019022898556176,2001-01-11
孟津县,0.01664882511868961,2001-01-11
金水区,0.009013136727651323,2001-01-11
睢阳区,0.013842906889592119,2001-01-11
固始县,0.2577639358288745,2001-01-11
商城县,0.224011475794804,2001-01-11
登封市,0.016604858876685242,2001-01-11
巩义市,0.01439607490127631,2001-01-11
汝州市,0.03282486471748153,2001-01-11
内黄县,0.010849654110070285,2001-01-11
鹤山区,0.01175417342635435,2001-01-11
卫辉市,0.017125146037317285,2001-01-11
文峰区,0.011462973041008536,2001-01-11
石龙区,0.017633342919748496,2001-01-11
息县,0.005089299012638358,2001-01-12
郸城县,0.0003476905540079915,2001-01-12
确山县,0.005939281936576725,2001-01-12
杞县,-0.010484181395850981,2001-01-12
马村区,-0.006882899633659224,2001-01-12
西平县,0.022768145836738304,2001-01-12
辉县市,-0.0068650206655743555,2001-01-12
舞钢市,-0.00047410066142496886,2001-01-12
新野县,-0.005593833015530842,2001-01-12
洛宁县,-0.0024023027134512384,2001-01-12
凤泉区,-0.005239823130988344,2001-01-12
虞城县,-0.007771687810636189,2001-01-12
项城市,0.006310940899529602,2001-01-12
渑池县,-0.0032394815127568467,2001-01-12
商水县,0.0018432278099362945,2001-01-12
禹州市,-0.008716897780511906,2001-01-12
偃师市,-0.003153206673643181,2001-01-12
北关区,-0.007236317862439408,2001-01-12
华龙区,-0.009943987532910033,2001-01-12
武陟县,-0.009991895665943563,2001-01-12
中原区,-0.011078402493083712,2001-01-12
内乡县,-0.00680483895934191,2001-01-12
山城区,-0.006777382445071893,2001-01-12
召陵区,0.016488573826872285,2001-01-12
汝南县,0.009778714082780374,2001-01-12
遂平县,0.007499814935590834,2001-01-12
叶县,0.0007726659292460076,2001-01-12
唐河县,-0.0021584712862638975,2001-01-12
西华县,-0.0036571451453296763,2001-01-12
汤阴县,-0.008520385910578802,2001-01-12
范县,-0.009896621754382605,2001-01-12
吉利区,-0.004587842861575272,2001-01-12
管城回族区,-0.010246491613655108,2001-01-12
涧西区,-0.001802005319825481,2001-01-12
淮滨县,0.009275569391302073,2001-01-12
孟州市,-0.0035842263831114616,2001-01-12
宝丰县,-0.006012837351983907,2001-01-12
上街区,-0.00935530001754523,2001-01-12
山阳区,-0.006680998779948895,2001-01-12
宜阳县,-0.003100695702934757,2001-01-12
罗山县,0.007890426294854543,2001-01-12
解放区,-0.006600202964075173,2001-01-12
驿城区,0.0051874292850653285,2001-01-12
淇滨区,-0.007597233822177262,2001-01-12
延津县,-0.007797438001777089,2001-01-12
魏都区,0.006422452503685372,2001-01-12
原阳县,-0.0106909129555743,2001-01-12
邓州市,-0.006556547353794577,2001-01-12
卧龙区,-0.00430863964870667,2001-01-12
睢县,-0.01179005330465307,2001-01-12
龙安区,-0.006889859665262568,2001-01-12
中站区,-0.006737322245735398,2001-01-12
夏邑县,-0.00909034151310155,2001-01-12
沁阳市,-0.0036303065896708528,2001-01-12
平桥区,-8.957147600008649e-05,2001-01-12
光山县,0.007043921303258371,2001-01-12
泌阳县,0.001302761236742313,2001-01-12
修武县,-0.007367694340262606,2001-01-12
西峡县,-0.00884260295452091,2001-01-12
宛城区,-0.003045274273216114,2001-01-12
殷都区,-0.006802955078946553,2001-01-12
老城区,-0.0019115556734229152,2001-01-12
红旗区,-0.009851971713689494,2001-01-12
扶沟县,-0.006940698730683125,2001-01-12
社旗县,-0.0041088718758118346,2001-01-12
温县,-0.0056726637338513205,2001-01-12
太康县,-0.007845061667802548,2001-01-12
正阳县,0.0029343002619143413,2001-01-12
西工区,-0.0018000567366939914,2001-01-12
博爱县,-0.005362890109642783,2001-01-12
柘城县,-0.0037118744318333746,2001-01-12
永城市,-0.006461886304053392,2001-01-12
安阳县,-0.005095670217330791,2001-01-12
湛河区,-0.005289245719315138,2001-01-12
襄城县,0.006479738077661063,2001-01-12
义马市,-0.004625003245623214,2001-01-12
长垣县,-0.009292222015691702,2001-01-12
兰考县,-0.00808505529912008,2001-01-12
镇平县,-0.005414905620524393,2001-01-12
新密市,-0.008216947853964507,2001-01-12
开封市区,-0.01024271349659737,2001-01-12
卫滨区,-0.008203912940919504,2001-01-12
洛龙区,-0.0014933344002449483,2001-01-12
鄢陵县,-9.962912683986381e-05,2001-01-12
卫东区,-0.004095144011698788,2001-01-12
二七区,-0.010331525648540342,2001-01-12
获嘉县,-0.008310548898296084,2001-01-12
南乐县,-0.0077066767664621194,2001-01-12
荥阳市,-0.009998503127128067,2001-01-12
濮阳县,-0.010918069440205291,2001-01-12
瀍河回族区,-0.002318505526056977,2001-01-12
灵宝市,0.0031675534948096143,2001-01-12
上蔡县,0.01374372616888793,2001-01-12
通许县,-0.011931307202491411,2001-01-12
新安县,-0.004844909278268498,2001-01-12
鹿邑县,-0.00033011503735131965,2001-01-12
中牟县,-0.01061380808815925,2001-01-12
栾川县,-0.0031166362389587923,2001-01-12
沈丘县,0.0009697173090993688,2001-01-12
郾城区,0.03211965314915659,2001-01-12
郏县,-0.004573596151566022,2001-01-12
惠济区,-0.011776661223669497,2001-01-12
宁陵县,-0.010882861218628952,2001-01-12
陕县,-0.0019213116663477634,2001-01-12
伊川县,-0.006433298257223853,2001-01-12
汝阳县,-0.006714014047951288,2001-01-12
鲁山县,-0.007246166528903723,2001-01-12
淅川县,-0.007696194707269061,2001-01-12
长葛市,-0.00822376467295583,2001-01-12
新郑市,-0.011867266686799991,2001-01-12
川汇区,-0.0032068302272766115,2001-01-12
林州市,-0.00018423381432966905,2001-01-12
开封县,-0.009454343505784632,2001-01-12
浚县,-0.008787799418830495,2001-01-12
牧野区,-0.007485399294565343,2001-01-12
许昌县,0.005153046713726291,2001-01-12
新蔡县,0.005638911402645453,2001-01-12
桐柏县,0.0019859378783847366,2001-01-12
清丰县,-0.008814671792075231,2001-01-12
临颍县,0.013915172761349749,2001-01-12
淇县,-0.007694950503643568,2001-01-12
南召县,-0.008533611816106384,2001-01-12
新华区,-0.006115978192312587,2001-01-12
舞阳县,0.02411907158056479,2001-01-12
新乡县,-0.008741014959809655,2001-01-12
潢川县,0.005679205626944318,2001-01-12
滑县,-0.009470356816350308,2001-01-12
浉河区,0.0010298694107692438,2001-01-12
卢氏县,-0.003108599597238622,2001-01-12
梁园区,-0.010026411197795954,2001-01-12
民权县,-0.008303354341732721,2001-01-12
新县,0.004596034749633898,2001-01-12
尉氏县,-0.01100733212209158,2001-01-12
嵩县,-0.0033499940948887173,2001-01-12
湖滨区,0.0008281499213868643,2001-01-12
方城县,-0.004431891415026655,2001-01-12
淮阳县,-0.004519919293441818,2001-01-12
济源市,-0.005584860324692054,2001-01-12
平舆县,0.016442955031700495,2001-01-12
台前县,-0.00906590685708519,2001-01-12
封丘县,-0.009112690625519516,2001-01-12
源汇区,0.03722012589935061,2001-01-12
孟津县,-0.004577987861350537,2001-01-12
金水区,-0.011235015643191959,2001-01-12
睢阳区,-0.008458799639294532,2001-01-12
固始县,0.005628817390988397,2001-01-12
商城县,0.0032097631357076123,2001-01-12
登封市,-0.007587224743538305,2001-01-12
巩义市,-0.004826337451825023,2001-01-12
汝州市,-0.007276873678950914,2001-01-12
内黄县,-0.008914506106780067,2001-01-12
鹤山区,-0.005862377351536433,2001-01-12
卫辉市,-0.007535866224902452,2001-01-12
文峰区,-0.007724700066428181,2001-01-12
石龙区,-0.00791825226386144,2001-01-12
息县,0.12257644742506586,2001-01-13
郸城县,0.03820017948766811,2001-01-13
确山县,0.11333907274985895,2001-01-13
杞县,0.013439940706122963,2001-01-13
马村区,0.020203199747440153,2001-01-13
西平县,0.08335006674310821,2001-01-13
辉县市,0.03848986487448155,2001-01-13
舞钢市,0.06329390091060282,2001-01-13
新野县,0.035648904115037905,2001-01-13
洛宁县,0.07191301834591173,2001-01-13
凤泉区,0.0244723376574011,2001-01-13
虞城县,0.015498256286297024,2001-01-13
项城市,0.10749656629106413,2001-01-13
渑池县,0.1119037790523704,2001-01-13
商水县,0.07666468546555938,2001-01-13
禹州市,0.040095514975415976,2001-01-13
偃师市,0.07989579653202653,2001-01-13
北关区,-0.0020807266227889074,2001-01-13
华龙区,0.011125402067434766,2001-01-13
武陟县,0.009943642075423444,2001-01-13
中原区,0.012427327225989552,2001-01-13
内乡县,0.1022612494002146,2001-01-13
山城区,0.004276716376309474,2001-01-13
召陵区,0.06194968443716076,2001-01-13
汝南县,0.09607402216182316,2001-01-13
遂平县,0.08181505526003609,2001-01-13
叶县,0.07021002100762441,2001-01-13
唐河县,0.04518492834326728,2001-01-13
西华县,0.03585501240391998,2001-01-13
汤阴县,0.008335658463470215,2001-01-13
范县,0.006553000850304623,2001-01-13
吉利区,0.0651793047133086,2001-01-13
管城回族区,0.006239377294569637,2001-01-13
涧西区,0.11057079990907162,2001-01-13
淮滨县,0.11995761473401252,2001-01-13
孟州市,0.056572279502524685,2001-01-13
宝丰县,0.039744649008658865,2001-01-13
上街区,0.015593234987351382,2001-01-13
山阳区,0.020578987842886552,2001-01-13
宜阳县,0.06975782721901282,2001-01-13
罗山县,0.1124318088086393,2001-01-13
解放区,0.03329223881223289,2001-01-13
驿城区,0.07863709389469872,2001-01-13
淇滨区,0.008817026341333526,2001-01-13
延津县,0.023694367000018205,2001-01-13
魏都区,0.0460231097313194,2001-01-13
原阳县,0.012651708259582587,2001-01-13
邓州市,0.08181376749209741,2001-01-13
卧龙区,0.04137166046530136,2001-01-13
睢县,0.016039574043778367,2001-01-13
龙安区,0.005839287947107698,2001-01-13
中站区,0.03270351548935612,2001-01-13
夏邑县,0.013649399509421003,2001-01-13
沁阳市,0.05850229401541672,2001-01-13
平桥区,0.09769387090742093,2001-01-13
光山县,0.11826054178732265,2001-01-13
泌阳县,0.10038294502565154,2001-01-13
修武县,0.02007031057439623,2001-01-13
西峡县,0.10029081820140111,2001-01-13
宛城区,0.032334458630470055,2001-01-13
殷都区,-0.0015243509470666027,2001-01-13
老城区,0.10480977201514305,2001-01-13
红旗区,0.01848184990466226,2001-01-13
扶沟县,0.017482504923309758,2001-01-13
社旗县,0.05255809753648522,2001-01-13
温县,0.018688730107557935,2001-01-13
太康县,0.02031148970014263,2001-01-13
正阳县,0.09258101212895321,2001-01-13
西工区,0.1432737035534335,2001-01-13
博爱县,0.03562599844133578,2001-01-13
柘城县,0.01669456052695991,2001-01-13
永城市,0.02283244377209271,2001-01-13
安阳县,0.006387064027736309,2001-01-13
湛河区,0.06895064978748175,2001-01-13
襄城县,0.06191961694337214,2001-01-13
义马市,0.1337294603468772,2001-01-13
长垣县,0.0086655378045926,2001-01-13
兰考县,0.014726748656721177,2001-01-13
镇平县,0.11469662506116104,2001-01-13
新密市,0.017001786368074187,2001-01-13
开封市区,0.01917049313296164,2001-01-13
卫滨区,0.011018587545697945,2001-01-13
洛龙区,0.1231188903276653,2001-01-13
鄢陵县,0.026993596449888465,2001-01-13
卫东区,0.046749265244145674,2001-01-13
二七区,0.0036387517051088983,2001-01-13
获嘉县,0.017085208654405073,2001-01-13
南乐县,0.006955556370041204,2001-01-13
荥阳市,0.008019781807491222,2001-01-13
濮阳县,0.009117044669072144,2001-01-13
瀍河回族区,0.08631778631933892,2001-01-13
灵宝市,0.0642175935064039,2001-01-13
上蔡县,0.15877825219001118,2001-01-13
通许县,0.014843827023587856,2001-01-13
新安县,0.14293562081307568,2001-01-13
鹿邑县,0.03100657471643257,2001-01-13
中牟县,0.014903089559888592,2001-01-13
栾川县,0.097124544023378,2001-01-13
沈丘县,0.07568951233397893,2001-01-13
郾城区,0.07941111263557014,2001-01-13
郏县,0.029585055559150506,2001-01-13
惠济区,0.01285035814232485,2001-01-13
宁陵县,0.020038975873482193,2001-01-13
陕县,0.056126266491438044,2001-01-13
伊川县,0.03932117199948489,2001-01-13
汝阳县,0.04267394133161438,2001-01-13
鲁山县,0.07107327374579439,2001-01-13
淅川县,0.11740421233341175,2001-01-13
长葛市,0.0273216832036498,2001-01-13
新郑市,0.006689637880398365,2001-01-13
川汇区,0.047322935117647805,2001-01-13
林州市,0.00438496912662121,2001-01-13
开封县,0.02530717632002548,2001-01-13
浚县,0.010673971836746598,2001-01-13
牧野区,0.01984749235442288,2001-01-13
许昌县,0.047776981277284476,2001-01-13
新蔡县,0.14922078302107705,2001-01-13
桐柏县,0.08820542855056857,2001-01-13
清丰县,0.00763852532791578,2001-01-13
临颍县,0.052422887690995165,2001-01-13
淇县,0.032579607693895216,2001-01-13
南召县,0.08510169639021127,2001-01-13
新华区,0.052858618514754936,2001-01-13
舞阳县,0.07440553400167398,2001-01-13
新乡县,0.014071104150830224,2001-01-13
潢川县,0.1392228470594468,2001-01-13
滑县,0.010797826643144666,2001-01-13
浉河区,0.08139078987234763,2001-01-13
卢氏县,0.08816955832160604,2001-01-13
梁园区,0.019388592538024836,2001-01-13
民权县,0.01114359745897064,2001-01-13
新县,0.11543224622440001,2001-01-13
尉氏县,0.016936729153760273,2001-01-13
嵩县,0.054266891254089615,2001-01-13
湖滨区,0.07138316406523146,2001-01-13
方城县,0.09800664491654458,2001-01-13
淮阳县,0.03881599103516406,2001-01-13
济源市,0.11411150966027349,2001-01-13
平舆县,0.1216079130243063,2001-01-13
台前县,0.002187965922878642,2001-01-13
封丘县,0.015697669527413506,2001-01-13
源汇区,0.0961614271957883,2001-01-13
孟津县,0.07486922984533716,2001-01-13
金水区,0.004748096083924978,2001-01-13
睢阳区,0.018245833392968716,2001-01-13
固始县,0.15852599423625932,2001-01-13
商城县,0.13205377483480557,2001-01-13
登封市,0.03722760591429943,2001-01-13
巩义市,0.03896659371670688,2001-01-13
汝州市,0.08089693903757351,2001-01-13
内黄县,0.008670987820496948,2001-01-13
鹤山区,0.008571279890169784,2001-01-13
卫辉市,0.05327854442922915,2001-01-13
文峰区,0.0076815023952113886,2001-01-13
石龙区,0.04117387816170306,2001-01-13
息县,0.029788071303007452,2001-01-14
郸城县,0.20041859702357942,2001-01-14
确山县,0.11916840569701805,2001-01-14
杞县,0.009233293419909073,2001-01-14
马村区,0.020934260394607853,2001-01-14
西平县,0.09268903189467204,2001-01-14
辉县市,0.05549884680219506,2001-01-14
舞钢市,0.13345298791980578,2001-01-14
新野县,0.028248937274802193,2001-01-14
洛宁县,0.2024708213191054,2001-01-14
凤泉区,0.013846545773256476,2001-01-14
虞城县,0.21290413525590043,2001-01-14
项城市,0.1456992823561185,2001-01-14
渑池县,0.1595143183474807,2001-01-14
商水县,0.21331756000524615,2001-01-14
禹州市,0.07686625005695714,2001-01-14
偃师市,0.13566814728111218,2001-01-14
北关区,0.007968874756450028,2001-01-14
华龙区,0.004587230459672731,2001-01-14
武陟县,0.003173197631823418,2001-01-14
中原区,0.009403283523019527,2001-01-14
内乡县,0.05748413170147737,2001-01-14
山城区,0.008742338889563658,2001-01-14
召陵区,0.11624665805487566,2001-01-14
汝南县,0.04704842940876945,2001-01-14
遂平县,0.10903412946284473,2001-01-14
叶县,0.12783043517057352,2001-01-14
唐河县,0.07500874203670768,2001-01-14
西华县,0.04776893033417755,2001-01-14
汤阴县,0.0043431799768758545,2001-01-14
范县,0.0019143418914697237,2001-01-14
吉利区,0.15955459909349287,2001-01-14
管城回族区,0.00734570925187366,2001-01-14
涧西区,0.09082968951515949,2001-01-14
淮滨县,0.01858484422335342,2001-01-14
孟州市,0.08044120241193921,2001-01-14
宝丰县,0.11952180154568456,2001-01-14
上街区,0.05351899127113137,2001-01-14
山阳区,0.021782398557283526,2001-01-14
宜阳县,0.16495422222608142,2001-01-14
罗山县,0.017979915688378968,2001-01-14
解放区,0.06486500617856972,2001-01-14
驿城区,0.10204407959131333,2001-01-14
淇滨区,0.01335888573658406,2001-01-14
延津县,0.015438142051605043,2001-01-14
魏都区,0.09087698445925167,2001-01-14
原阳县,0.0023344942880963375,2001-01-14
邓州市,0.028414346622270752,2001-01-14
卧龙区,0.042626873343305595,2001-01-14
睢县,0.028486158395295332,2001-01-14
龙安区,0.006608522130991509,2001-01-14
中站区,0.06152123784671471,2001-01-14
夏邑县,0.37346217941227466,2001-01-14
沁阳市,0.08710965753698746,2001-01-14
平桥区,0.02130404463333441,2001-01-14
光山县,0.01600335739351591,2001-01-14
泌阳县,0.17510934328443944,2001-01-14
修武县,0.019702707977906412,2001-01-14
西峡县,0.13417747207014272,2001-01-14
宛城区,0.07023781539267591,2001-01-14
殷都区,0.006751257409668621,2001-01-14
老城区,0.11595994062979116,2001-01-14
红旗区,0.005524585426741351,2001-01-14
扶沟县,0.006948871752850537,2001-01-14
社旗县,0.18513645383856575,2001-01-14
温县,0.02466059444939039,2001-01-14
太康县,0.04908445193778707,2001-01-14
正阳县,0.03437550464645905,2001-01-14
西工区,0.1819825229081852,2001-01-14
博爱县,0.042319132630873994,2001-01-14
柘城县,0.14561935154598704,2001-01-14
永城市,0.18976535550857895,2001-01-14
安阳县,0.008938318298591194,2001-01-14
湛河区,0.12590159582698904,2001-01-14
襄城县,0.08350050076762262,2001-01-14
义马市,0.18845463928782438,2001-01-14
长垣县,0.0062318040588664105,2001-01-14
兰考县,0.009286767977782604,2001-01-14
镇平县,0.05492004940626295,2001-01-14
新密市,0.03375009192735065,2001-01-14
开封市区,0.008707608544854925,2001-01-14
卫滨区,0.0019164439051498436,2001-01-14
洛龙区,0.16315080411320182,2001-01-14
鄢陵县,0.04500560879134713,2001-01-14
卫东区,0.03949085256562097,2001-01-14
二七区,0.004765135679833751,2001-01-14
获嘉县,0.00892400787126033,2001-01-14
南乐县,0.005847198374515663,2001-01-14
荥阳市,0.010186185002557493,2001-01-14
濮阳县,0.003071153073320724,2001-01-14
瀍河回族区,0.12870964773024604,2001-01-14
灵宝市,0.2077998588942323,2001-01-14
上蔡县,0.17809457729375872,2001-01-14
通许县,0.014835545152505958,2001-01-14
新安县,0.1717478649140962,2001-01-14
鹿邑县,0.2946056867431064,2001-01-14
中牟县,0.00949755765822088,2001-01-14
栾川县,0.1845576735876337,2001-01-14
沈丘县,0.05473134868199605,2001-01-14
郾城区,0.1273526327795563,2001-01-14
郏县,0.08207574786088631,2001-01-14
惠济区,0.007530778517480728,2001-01-14
宁陵县,0.049936946532839685,2001-01-14
陕县,0.16531050384533322,2001-01-14
伊川县,0.12096328869972797,2001-01-14
汝阳县,0.1578772728872417,2001-01-14
鲁山县,0.1413786958917348,2001-01-14
淅川县,0.06014898995262903,2001-01-14
长葛市,0.0426156891052748,2001-01-14
新郑市,0.008054710321962094,2001-01-14
川汇区,0.2150262195510564,2001-01-14
林州市,0.014979975656736571,2001-01-14
开封县,0.018911017825113723,2001-01-14
浚县,0.005443053001227603,2001-01-14
牧野区,0.007540701470827683,2001-01-14
许昌县,0.07813397834399477,2001-01-14
新蔡县,0.03916866391781276,2001-01-14
桐柏县,0.04240265253578691,2001-01-14
清丰县,0.004574748024741437,2001-01-14
临颍县,0.08106110091566471,2001-01-14
淇县,0.04485478409210601,2001-01-14
南召县,0.07877980116628497,2001-01-14
新华区,0.10109678595633388,2001-01-14
舞阳县,0.05880451635751152,2001-01-14
新乡县,0.0046099135141284275,2001-01-14
潢川县,0.016596116668494636,2001-01-14
滑县,0.00591060256782127,2001-01-14
浉河区,0.02417207304827383,2001-01-14
卢氏县,0.16703574243595576,2001-01-14
梁园区,0.04649218615365196,2001-01-14
民权县,0.010488936245388004,2001-01-14
新县,0.031771007531310146,2001-01-14
尉氏县,0.019321519739254233,2001-01-14
嵩县,0.15363673720181045,2001-01-14
湖滨区,0.09413876681430879,2001-01-14
方城县,0.20297729035289752,2001-01-14
淮阳县,0.1870487543152364,2001-01-14
济源市,0.16471148858141266,2001-01-14
平舆县,0.06369524736533047,2001-01-14
台前县,0.0035543872026383852,2001-01-14
封丘县,0.0059848755272999795,2001-01-14
源汇区,0.12841818960484325,2001-01-14
孟津县,0.11819354358218231,2001-01-14
金水区,0.0018221048615737327,2001-01-14
睢阳区,0.13376209635035083,2001-01-14
固始县,0.02613323081997456,2001-01-14
商城县,0.024881233074913817,2001-01-14
登封市,0.08033913798294526,2001-01-14
巩义市,0.05528619675789982,2001-01-14
汝州市,0.24897573293976236,2001-01-14
内黄县,0.006454257923726087,2001-01-14
鹤山区,0.01383316339382674,2001-01-14
卫辉市,0.04445972641041803,2001-01-14
文峰区,0.00544064238853229,2001-01-14
石龙区,0.060111566112067416,2001-01-14
息县,0.007032950336941524,2001-01-15
郸城县,0.3701720573417116,2001-01-15
确山县,0.013291005979197575,2001-01-15
杞县,0.025358998283228455,2001-01-15
马村区,0.020772428106409092,2001-01-15
西平县,0.045192187094480966,2001-01-15
辉县市,0.016765067848820214,2001-01-15
舞钢市,0.02035240944455997,2001-01-15
新野县,0.1629792785751576,2001-01-15
洛宁县,0.048078657370001804,2001-01-15
凤泉区,0.008136396379075128,2001-01-15
虞城县,0.27975459644000006,2001-01-15
项城市,0.07813813299653982,2001-01-15
渑池县,0.04067814943434384,2001-01-15
商水县,0.12949272556574065,2001-01-15
禹州市,0.06387777232428218,2001-01-15
偃师市,0.027473129658926267,2001-01-15
北关区,0.008358961098575831,2001-01-15
华龙区,0.005725220896697131,2001-01-15
武陟县,0.009056647215421428,2001-01-15
中原区,0.0074581159861311945,2001-01-15
内乡县,0.14756821714816173,2001-01-15
山城区,0.007423625135886759,2001-01-15
召陵区,0.10755367091223615,2001-01-15
汝南县,0.024200149279831336,2001-01-15
遂平县,0.015352623553856557,2001-01-15
叶县,0.043649911848094136,2001-01-15
唐河县,0.18620228407135592,2001-01-15
西华县,0.05265689629789792,2001-01-15
汤阴县,0.006763577242625656,2001-01-15
范县,0.0033898414645851123,2001-01-15
吉利区,0.038561666020048936,2001-01-15
管城回族区,0.015016544290577256,2001-01-15
涧西区,0.020261917713754463,2001-01-15
淮滨县,0.010892489099947469,2001-01-15
孟州市,0.04828563948996149,2001-01-15
宝丰县,0.04920098010818796,2001-01-15
上街区,0.006768374930773507,2001-01-15
山阳区,0.021552104051055506,2001-01-15
宜阳县,0.019538922203685014,2001-01-15
罗山县,0.009885046064490996,2001-01-15
解放区,0.02010289235868191,2001-01-15
驿城区,0.010701092006792697,2001-01-15
淇滨区,0.00592274658155925,2001-01-15
延津县,0.015362076346978762,2001-01-15
魏都区,0.07821201782868976,2001-01-15
原阳县,0.012159748214804039,2001-01-15
邓州市,0.08987283388501864,2001-01-15
卧龙区,0.11137929162774299,2001-01-15
睢县,0.03621999247862976,2001-01-15
龙安区,0.008718632457361188,2001-01-15
中站区,0.014219731304483965,2001-01-15
夏邑县,0.47490282750406004,2001-01-15
沁阳市,0.042698899743796176,2001-01-15
平桥区,0.010442183546536298,2001-01-15
光山县,0.015906043326907433,2001-01-15
泌阳县,0.09945410541256779,2001-01-15
修武县,0.02030557196926615,2001-01-15
西峡县,0.15823060286883722,2001-01-15
宛城区,0.12559348269745071,2001-01-15
殷都区,0.0076476086750311536,2001-01-15
老城区,0.011732425487674742,2001-01-15
红旗区,0.010820472257307995,2001-01-15
扶沟县,0.02769994215623434,2001-01-15
社旗县,0.10154638711807348,2001-01-15
温县,0.02730978815479804,2001-01-15
太康县,0.06901295118695464,2001-01-15
正阳县,0.007484668192475561,2001-01-15
西工区,0.017822100563195723,2001-01-15
博爱县,0.023295573027557318,2001-01-15
柘城县,0.24968858473300204,2001-01-15
永城市,0.565530982035281,2001-01-15
安阳县,0.009258237109496109,2001-01-15
湛河区,0.07830678867150204,2001-01-15
襄城县,0.08579950524762557,2001-01-15
义马市,0.018244268937818133,2001-01-15
长垣县,0.013268371576521453,2001-01-15
兰考县,0.02225859367125924,2001-01-15
镇平县,0.11611925062350749,2001-01-15
新密市,0.024532201260732793,2001-01-15
开封市区,0.022503438357796637,2001-01-15
卫滨区,0.007809133435074924,2001-01-15
洛龙区,0.02327396443256219,2001-01-15
鄢陵县,0.045099993587640004,2001-01-15
卫东区,0.05430515372961306,2001-01-15
二七区,0.009466010648817127,2001-01-15
获嘉县,0.01117563718907149,2001-01-15
南乐县,0.0022421240880361164,2001-01-15
荥阳市,0.011153686224066197,2001-01-15
濮阳县,0.006177940557710408,2001-01-15
瀍河回族区,0.044016958967558466,2001-01-15
灵宝市,0.16065211222592957,2001-01-15
上蔡县,0.23365242860250182,2001-01-15
通许县,0.03545379873624353,2001-01-15
新安县,0.03489847102966109,2001-01-15
鹿邑县,0.42813425802955474,2001-01-15
中牟县,0.022020951269684255,2001-01-15
栾川县,0.08051086262013185,2001-01-15
沈丘县,0.15595263983610486,2001-01-15
郾城区,0.13167314687458614,2001-01-15
郏县,0.07911746530784447,2001-01-15
惠济区,0.009049198943267922,2001-01-15
宁陵县,0.058053610567836256,2001-01-15
陕县,0.10634291641645728,2001-01-15
伊川县,0.020061002942646948,2001-01-15
汝阳县,0.016911915431616856,2001-01-15
鲁山县,0.08082174600071668,2001-01-15
淅川县,0.10651174229584219,2001-01-15
长葛市,0.053599288571566726,2001-01-15
新郑市,0.022682333116070194,2001-01-15
川汇区,0.12408227507573803,2001-01-15
林州市,0.009738536488572118,2001-01-15
开封县,0.034679940235429925,2001-01-15
浚县,0.00557564519455233,2001-01-15
牧野区,0.007696482932639913,2001-01-15
许昌县,0.07975820867485256,2001-01-15
新蔡县,0.02108195836034885,2001-01-15
桐柏县,0.047255112356567694,2001-01-15
清丰县,0.003687732135326914,2001-01-15
临颍县,0.08428668760642026,2001-01-15
淇县,0.005856437025906064,2001-01-15
南召县,0.12071510421545249,2001-01-15
新华区,0.0540766576037628,2001-01-15
舞阳县,0.05778308605275949,2001-01-15
新乡县,0.010216265442890355,2001-01-15
潢川县,0.009799732082090569,2001-01-15
滑县,0.01182534341501276,2001-01-15
浉河区,0.012867781278233834,2001-01-15
卢氏县,0.15478279987163202,2001-01-15
梁园区,0.05184626996351708,2001-01-15
民权县,0.018902920541938283,2001-01-15
新县,0.20900994300932546,2001-01-15
尉氏县,0.038849387415202045,2001-01-15
嵩县,0.023025802105803427,2001-01-15
湖滨区,0.09840334677074958,2001-01-15
方城县,0.07697646099639777,2001-01-15
淮阳县,0.2074613812529866,2001-01-15
济源市,0.04694649742090791,2001-01-15
平舆县,0.09506922043486457,2001-01-15
台前县,0.002823650700316594,2001-01-15
封丘县,0.02504212249345235,2001-01-15
源汇区,0.11871239829625983,2001-01-15
孟津县,0.03771008108103456,2001-01-15
金水区,0.008757476884285575,2001-01-15
睢阳区,0.2283221759691166,2001-01-15
固始县,0.0243751166409519,2001-01-15
商城县,0.0195021732755788,2001-01-15
登封市,0.036621641606138795,2001-01-15
巩义市,0.0150983545257938,2001-01-15
汝州市,0.036076734737131896,2001-01-15
内黄县,0.008435777923114202,2001-01-15
鹤山区,0.009608025731145704,2001-01-15
卫辉市,0.008036184673972336,2001-01-15
文峰区,0.00829773451083749,2001-01-15
石龙区,-0.0038292889596426892,2001-01-15
