Date,NDVI,dewpoint_2m_temperature,maximum_2m_air_temperature,mean_2m_air_temperature,mean_sea_level_pressure,minimum_2m_air_temperature,surface_pressure,total_precipitation,u_component_of_wind_10m,v_component_of_wind_10m,X,Name
2016_01_01,0.2792031202573676,272.75417829193077,283.37305863485676,279.12797150807427,102407.74745810301,275.43764893026736,101282.08599711429,0.0,1.8557241452140876,2.267347772490808,0.0044247783098591556,舞阳县
2016_01_02,0.40482817240228786,276.30393397096816,287.92588450219404,281.41433859239,101909.13692385495,275.4804094404198,100799.39092816318,0.0,1.9241106588908095,1.9561853804717653,0.008849556619718311,舞阳县
2016_01_03,0.29828314075973594,275.39343768107125,286.0877175466841,278.9267227840275,102125.1280316658,274.24987466056433,101006.38427570192,0.0,-0.8652694679260469,-1.770470470520892,0.013274334929577464,舞阳县
2016_01_06,0.261459027896541,272.484394970085,281.85026980763763,275.88419818946727,103064.9652993424,272.1951767911469,101916.58019497547,4.138970504261729e-06,0.12155967474498437,-1.407148268232555,0.026548669859154928,舞阳县
2016_01_08,0.40408425818562255,268.7248184859988,278.8376616785214,272.89320339155523,102747.27733120917,269.5721085668297,101596.55563159232,1.862645149230957e-09,-0.6918973025311846,-0.380715118689143,0.035398226478873245,舞阳县
2016_01_12,0.37439702977996847,267.55187423213,274.1430027026118,271.33033450733825,103134.20112864372,269.11023295574137,101965.19849030099,3.81463293410083e-05,0.19911465637342865,0.010675044210034932,0.053097339718309856,舞阳县
2016_01_13,0.3836846109544285,263.25768858637963,280.5090870275605,275.0653254518232,102615.65979864271,269.4453849282296,101468.77570381374,4.284083843231201e-08,3.0540595015894567,-0.4477110999005483,0.05752211802816901,舞阳县
2016_01_14,0.38600500254367914,262.99316565324733,282.6780850605679,275.37301758755206,102197.81079510025,269.5693016633144,101062.77846682175,0.0,2.7607935531097416,-0.7462771101533858,0.061946896338028176,舞阳县
2016_01_15,0.39515820065359714,271.0832782102454,284.1492221502356,277.2326642396592,101759.55256398396,269.8063535358862,100634.44584328159,0.0,1.408719128613202,2.109948341265479,0.06637167464788732,舞阳县
2016_01_16,0.3672925202999041,272.5512729591271,281.33992985932025,276.83866776130725,101923.35738935853,271.7039799939011,100792.46583334301,0.00019656383248934435,0.055120086800603145,-0.548666380646547,0.07079645295774649,舞阳县
2016_01_17,0.12838869557319438,268.3941419752571,277.60334064126755,272.9303379157185,102382.78484634771,269.1024499237701,101225.05848147102,0.0,-1.3466733693435535,-2.125994595938522,0.07522123126760563,舞阳县
2016_01_18,0.2980625925743289,260.6514211571172,278.1837239027432,272.3951177630377,102849.10777192215,267.0284118534269,101688.6164430476,0.0,1.842182519587636,-2.013490677889504,0.07964600957746479,舞阳县
2016_01_19,0.3873837280591372,260.8935608282038,278.17563463953707,273.8599498500991,103017.73835655463,266.9226923693421,101856.82049305111,1.7267735004119108e-07,-1.2466975875529924,-0.9776120500675819,0.08407078788732394,舞阳县
2016_01_21,0.3368944858860532,267.1480522185959,277.3595111428644,273.04301542085165,103105.83468025592,270.46231279165136,101941.9338670084,1.666795638013212e-05,-1.3327902540864258,0.13064603034579497,0.09292034450704226,舞阳县
2016_01_23,0.3371828144339577,252.03820238236196,272.7306537588135,268.80955438520124,104528.3102207815,264.7674239930912,103323.42103525523,0.0,3.744699468488622,-4.06559793818024,0.10176990112676056,舞阳县
2016_01_24,0.4054873780090568,250.2969494593807,272.2040644837064,268.34584465853396,104305.38717017756,264.4001946381633,103103.96935833227,0.0,4.170623720832872,-1.9937927446941324,0.10619467943661971,舞阳县
2016_01_25,0.38553796371929283,255.99152589978524,278.3343179384015,271.8375777811594,103288.12149109323,266.12204091101694,102122.24773790134,1.862645149230957e-09,2.8819701602827466,0.5241655866099928,0.11061945774647888,舞阳县
2016_01_26,0.3843246215518038,262.172368920021,281.2789111312708,274.22190649024475,102805.71834511534,267.73137229738984,101660.16526725236,4.284083843231201e-08,0.4063043432580302,1.1101771232437256,0.11504423605633803,舞阳县
2016_01_27,0.3778272731996131,266.4390422207591,281.1841148542616,276.70384607772695,102478.56275460417,269.3741768447417,101340.26352354069,0.0,-0.9510149643988529,0.8174258284096309,0.11946901436619718,舞阳县
2016_02_02,0.3900630815961698,265.32726058918456,280.86384241622477,274.34957511947914,103003.64582218348,267.42872969186556,101851.77162169224,0.0,1.4403053646059623,2.2429203626454397,0.1460176842253521,舞阳县
2016_02_03,0.338343629736902,266.98372413671603,281.4929504456147,275.4692815196985,102849.92412138467,269.47340291518594,101705.78928258277,1.862645149230957e-09,0.39034868913181187,1.3429343091371149,0.15044246253521126,舞阳县
2016_02_04,0.3046417487118205,267.8818049858153,283.0822122986436,276.024767408107,102870.29139104259,271.2662533679408,101732.76208927469,4.284083843231201e-08,0.18562902971954642,0.6807623658448396,0.15486724084507042,舞阳县
2016_02_05,0.29877188510650765,256.27585409497493,282.56968803957335,277.2653738701631,103258.29870380714,272.0562477312839,102105.295931646,0.0,3.602864106928942,-3.6892729142070424,0.15929201915492958,舞阳县
2016_02_06,0.3625885468897071,256.74732172244285,282.99414341529035,276.86997299034147,103023.64053045612,271.5237610118298,101880.74832539246,0.0,2.9407978272793183,-1.0660919784354466,0.16371679746478873,舞阳县
2016_02_07,0.3968908859919715,263.368029319688,285.82468877648387,279.0099683693003,102239.74323060559,271.86715474498544,101120.3150716773,0.0,3.0618621459433846,-0.4154329053721334,0.1681415757746479,舞阳县
2016_02_08,0.37010835285466054,270.7406296832439,293.08311039354265,282.96178999992367,101720.44096616545,274.3733832390052,100623.6535207101,0.0,2.2446765758582115,1.5249679266851817,0.17256635408450705,舞阳县
2016_02_09,0.38743949661214466,273.0840285445381,290.5653532389849,283.4338839223074,101640.09687545346,274.7662274212851,100539.62579160805,5.334685143483415e-05,-1.2521107896458008,-1.4527444274726282,0.1769911323943662,舞阳县
2016_02_16,0.4694360496810315,259.8187486944984,284.9637383095038,278.98898131257187,102720.75405545133,274.202410137396,101586.88791909296,1.862645149230957e-09,3.3007010477147385,-1.3247620166829863,0.2035398022535211,舞阳县
2016_02_17,0.39966211368295257,265.4522436470245,287.11293184200946,281.23234557151426,102379.617109886,273.93414274828297,101257.36971308208,4.284083843231201e-08,2.341694370806727,1.6364566821524302,0.20796458056338027,舞阳县
2016_02_18,0.431975605933527,268.15387895716856,289.1433378252285,281.9125617184405,102295.31427401495,275.7460509752236,101183.42157120406,4.1196641526508874e-08,-0.11654203801926327,-0.6302219703452002,0.21238935887323943,舞阳县
2016_02_29,0.48817092016696834,268.56835196166554,285.780177393885,280.2352588779482,102952.93772774539,273.8588135944552,101818.22186231124,0.0,-2.0029333274988135,0.3716564886672861,0.22123891549295777,舞阳县
2016_03_01,0.4035656823897515,272.30694045602456,289.0710754527141,282.8019127689885,102356.82454264407,275.63628326391813,101245.23580175074,0.00028151728062213703,-0.3781075103134178,0.5229448618572713,0.22566369380281692,舞阳县
2016_03_03,0.5673001131665821,278.7662679683247,296.7160334769705,289.3527051355208,101397.70638781862,282.76618293704996,100313.673927606,0.0,1.2784592879698613,2.892418687752375,0.2345132504225352,舞阳县
2016_03_04,0.511218800866308,276.4125900622603,295.46606747768595,290.2036485585108,101603.1423999462,283.78499333674944,100516.10984370661,0.0018754307513092511,2.074774282729604,-0.35962610615463264,0.23893802873239436,舞阳县
2016_03_06,0.5086017290292809,278.22371909498065,292.1286657616109,286.7134895981313,101400.92788359376,281.10073131146737,100313.09429939203,4.284083843231201e-08,-0.6710128166582621,0.6469013176829229,0.2477875853521127,舞阳县
2016_03_10,0.5099757786252173,262.8082598629103,282.9656386184185,277.81212550972816,103071.28706010785,273.3869829392584,101929.88657081038,0.0,2.065960362112004,-1.0617013590581577,0.2654866985915493,舞阳县
2016_03_11,0.6107165724133619,269.28472922657255,285.8747322000329,281.10474337248263,102173.54334378266,275.4866438267224,101050.59480138947,2.3904199234901424e-05,0.7659238872483909,2.086523906899542,0.26991147690140843,舞阳县
2016_03_14,0.575171326023131,271.1490913551069,287.93128351321997,283.05352258057326,102279.49740800796,276.2511152059228,101164.45022753574,0.0,-1.3885254064338923,1.8390421701700883,0.28318581183098596,舞阳县
2016_03_16,0.5966192660489894,277.6497845988764,290.208125576221,286.24301703975675,101609.54457493301,278.3056242120238,100513.8254537872,8.568167686462402e-08,-1.1653373239637697,1.3855533784155072,0.2920353684507042,舞阳县
2016_03_17,0.5727956004951867,279.7278421305665,291.60186805527735,287.0357622763024,101189.78731886222,282.5469735074446,100101.57277711805,2.6937944740161415e-06,1.010999279195208,1.8016660865772298,0.29646014676056337,舞阳县
2016_03_18,0.5843922082670815,280.54743409423975,295.62491332702405,287.89971062071083,101228.28414365412,281.3447916490757,100146.89566601957,0.0,-0.7823566682037666,0.665785694927122,0.3008849250704225,舞阳县
2016_03_19,0.48944898263539327,282.59991881749494,295.74006085689524,289.78712997930637,101743.49168349383,283.23033287600487,100654.03216931816,2.038411855674547e-06,-3.0182217200545125,0.3829476202084828,0.3053097033802817,舞阳县
2016_03_20,0.6191282543903566,277.53002921430107,292.17630912907,287.02578357889035,102158.5494227631,282.15231607900256,101057.18855909994,2.30527667085336e-05,-3.5253604439215436,-2.062775657829835,0.30973448169014084,舞阳县
2016_03_21,0.6200707396155538,273.7450020689311,291.80364064692805,286.0386723691858,101993.22188726004,280.3556207329336,100892.09572628741,0.0,-2.6964818224198246,-0.4619085583991771,0.31415926000000005,舞阳县
2016_03_22,0.6838276714202787,274.31065126559935,292.0187001080956,288.1152893738613,101944.46006222813,283.2787253010294,100845.42999538001,0.0,-1.4784965161997283,-2.7475914855882153,0.31858403830985915,舞阳县
2016_03_23,0.299187556259108,271.1535623935311,289.1716801437426,285.26806506514004,102951.75822553452,282.12462899723926,101833.03001044366,0.0,-2.8013791208492878,-2.164723127883556,0.3230088166197183,舞阳县
2016_03_24,0.6009582630600415,270.01000111663825,287.3118019333006,283.84299350011054,103019.92909864862,279.8694986184893,101895.63172224635,0.0004332752301521145,-1.4806976185352818,1.3302249519571296,0.32743359492957747,舞阳县
2016_03_26,0.43023439303429317,275.1960463481023,288.6608496123858,283.6767809979361,102623.24044665323,279.5450340404797,101506.73403665848,0.00016707833615237831,1.277425382612715,0.281997127936493,0.3362831515492958,舞阳县
2016_03_27,0.708745898033481,271.33684958618966,293.6765721566766,287.87405643074885,102136.03245065676,281.3002103340071,101037.73508864666,0.0,1.9436723772488917,2.6663805266599945,0.34070792985915493,舞阳县
2016_03_28,0.7478425147793609,276.9928335751406,296.23738590276326,291.6196548664282,101482.33267209766,285.55800563777774,100400.21349560913,0.0,3.3240056392656845,3.6051742688148107,0.3451327081690141,舞阳县
2016_03_31,0.7549623814160137,281.6667210463044,296.714751087166,291.4108128941731,101027.28107252132,286.5226467249265,99949.00857472741,1.862645149230957e-09,1.3610815489653743,4.771386751473648,0.35840704309859156,舞阳县
2016_04_01,0.6840980212881762,285.99101896535404,299.7705263953666,293.9097280996841,100809.10151716556,288.49780629244674,99742.14711467069,1.336576356519483e-07,0.2541450703098373,2.245742347237192,0.3628318214084507,舞阳县
2016_04_07,0.5787297156394065,285.42393944471314,297.89809894783,291.1705960075072,101367.91755758348,286.14672494672067,100293.34429343235,4.284083843231201e-08,0.23582871077683096,0.19980237984590912,0.38938049126760566,舞阳县
2016_04_10,0.7378859128003868,284.2003767340651,300.16859677576775,293.3068419393982,101283.49071340113,287.08186506893634,100206.95289123067,0.0005840857651861957,-1.7133943416279642,-2.333689589464896,0.40265482619718307,舞阳县
2016_04_13,0.6735519589450706,281.9862983017374,300.85204076605254,294.1606363175314,100679.87811611843,288.42696173555913,99617.89647842031,4.295552709410621e-05,0.8652078189559747,0.7214909951299685,0.41592916112676054,舞阳县
2016_04_14,0.6371302964658041,286.3224730363278,299.02508857425454,294.2016414713334,101074.73077444336,289.38971743352823,100006.53983107668,2.581081031067487e-08,-1.748263900329679,0.20005098092630735,0.4203539394366197,舞阳县
2016_04_18,0.8022712757280155,282.7150440829377,297.4514294167183,291.7323317816444,101341.2738211129,286.3873757059897,100261.1225750267,0.0,0.2690166031570477,2.9682590699745983,0.4380530526760564,舞阳县
2016_04_19,0.7367082507314867,286.339165515897,297.3711128043196,293.5054798319354,101215.60785018728,289.6880579367324,100140.15563811587,0.0001360811986737312,-1.2030715344806722,1.2032089790161828,0.44247783098591553,舞阳县
2016_04_21,0.7551195793831232,286.2393511072236,301.6148163957306,295.68241605500907,100774.8154154052,289.36564085604493,99708.7359014196,1.7911253078806787e-07,2.704707017657466,2.7248948777407804,0.45132738760563385,舞阳县
2016_04_24,0.557630441870254,284.7734032839007,296.00449985627483,291.1152212953603,101348.91990153304,287.49551342559516,100268.325240327,1.8868307493296929e-06,-1.4526843975329788,1.7044577151202425,0.46460172253521126,舞阳县
2016_04_26,0.2825345265300538,286.7571564231669,294.11193727799156,290.2167741451428,101263.58489853347,285.57918837869556,100181.18537953359,0.0009589454433366424,-1.5364024363847402,-1.4618570070577517,0.47345127915492957,舞阳县
2016_04_28,0.7593484322550786,285.3331545650685,296.09789444448865,291.0422292263045,101584.11518691054,285.9345918570491,100503.70259911478,0.00023735923351756726,-0.9269022720994488,0.7529999183843911,0.4823008357746479,舞阳县
2016_04_29,0.6735379007613883,288.4453860558521,300.9479696365876,296.4182439308893,100965.31865726128,290.73205717251835,99897.85998467701,0.0,1.5718353960391322,3.556054678128379,0.48672561408450704,舞阳县
2016_04_30,0.7817011063599805,288.743816200011,305.31565100420863,298.89871827842376,100453.70829453864,292.2561684198549,99396.3630035961,0.0,1.7591651578454122,3.663898058954342,0.49115039239436625,舞阳县
2016_05_01,0.7791705218925535,291.1741268717084,302.931808330918,298.60592275071383,100171.91019732646,295.59394115685586,99116.75584679653,3.320375575106542e-05,0.6226701966747313,3.568915607880671,0.4955751707042254,舞阳县
2016_05_03,0.726102040230311,277.59081915924656,301.27923228373044,295.4512384264489,100832.45150123067,290.18330220889453,99766.01855053214,4.0978193283081055e-08,1.975143824861251,1.0068549756433156,0.5044247273239437,舞阳县
2016_05_04,0.6946906460370182,289.9979970845578,303.95944247647907,298.89794399702197,100343.38063412662,294.10381253182544,99286.60644828432,2.2091511773083607e-05,-0.3672792139179529,3.631734207271427,0.5088495056338028,舞阳县
2016_05_05,0.6252684770731797,293.31704554909027,303.79650896683,299.2916589387361,100384.77700373165,295.95967161614846,99329.8596454711,0.002651498387566285,0.8738767614401547,1.3651046029217224,0.513274283943662,舞阳县
2016_05_06,0.6276007406062387,278.55572124996644,300.63551103332077,295.44764065802906,101205.01075256061,291.0138403360983,100134.54227461429,0.0002750451266192459,-3.2117748068832084,-3.580562899653378,0.5176990622535211,舞阳县
2016_05_10,0.7122992541440731,287.7035833547749,297.78090609772204,293.03312407864604,100961.33222820733,288.8401849381608,99888.74735709964,4.470348358154297e-08,-0.587880387488104,2.133378844812159,0.5353981754929578,舞阳县
2016_05_11,0.7224078925660001,289.67742702891394,303.5217460807824,298.7388377814041,100217.93202439554,293.2639478903032,99162.19047437584,4.470348358154297e-08,1.2441405556487652,5.021864694834912,0.5398229538028169,舞阳县
2016_05_12,0.3991152413351705,283.5256988715146,303.40003412882726,295.00018132611564,101491.85457554764,288.3072248264406,100414.54975847622,0.0001590092825391803,-1.437411637952048,-3.387470651117125,0.5442477321126761,舞阳县
2016_05_15,0.5920634807087741,278.1161921962892,298.2878034348425,291.9008581565209,101618.65520863132,284.8547972947206,100541.66983315337,1.862645149230957e-09,2.13574086427951,-1.6888599606888597,0.5575220670422536,舞阳县
2016_05_16,0.6288183437120611,279.63941509468145,301.7478285374384,295.25548288570906,101232.09367593187,288.56620599115683,100161.33608996797,4.470348358154297e-08,1.409115731366023,2.737266080371902,0.5619468453521127,舞阳县
2016_05_17,0.612860662849353,283.78061389257067,301.2633344565177,295.48607292856957,101127.3256140964,289.36037428822067,100058.05736689214,8.268445221380059e-06,-0.6963627166322514,2.9781688368762285,0.5663716236619719,舞阳县
2016_05_18,0.6091008314174218,285.678385035375,301.15795101145727,296.08195868184833,101143.90728621816,291.0234394631978,100073.93625004966,3.8859865458019305e-05,-1.81852170817815,1.3710707136585458,0.570796401971831,舞阳县
2016_05_19,0.4610761690316782,286.6139728462765,301.21424617890034,296.92328843957915,101081.93936001752,292.89718210083987,100013.17788343265,0.00021051589495859572,-2.4782827134808105,-0.9462523056786435,0.5752211802816902,舞阳县
2016_05_21,0.41906098386788476,285.87017340021544,297.3449863359829,293.93618365933924,101664.84867110083,290.4417637025647,100584.86616543967,7.613829559611331e-08,-1.8759995510531962,-0.05298038269924691,0.5840707369014084,舞阳县
2016_05_22,0.5310977796688274,285.8520342175426,299.8323162856144,295.8958332490562,101411.11899964979,292.43382007632385,100337.81260316777,0.0007612155644871928,-0.05803042101073767,-0.2455466836624414,0.5884955152112676,舞阳县
2016_05_24,0.48104478258280087,284.6004630386586,303.00069551013087,297.6576403546283,100553.08148039196,292.78803358478694,99492.10218690269,0.0,1.0039608471039916,2.1195444524973137,0.597345071830986,舞阳县
2016_05_25,0.40420918451451743,284.17571298716666,303.4706021455311,298.7355861507376,100817.63552863373,293.923575889782,99754.62898978552,0.00016670081193220985,0.4617982261843449,-2.464957693309362,0.601769850140845,舞阳县
2016_05_28,0.3838798164812577,287.8235010324829,298.145490876712,293.96848179477985,100673.91533098585,289.63551026357135,99606.91700269027,0.0,1.3647851290198423,0.7658842938305476,0.6150441850704225,舞阳县
2016_05_29,0.41726370473399277,288.91283183839033,304.2839620645819,297.9561782812137,100622.17753383546,291.5738485739493,99563.18553930911,0.0,-1.0197858524579306,0.4258315460310148,0.6194689633802817,舞阳县
2016_05_30,0.37221249439404697,291.09059682686484,304.4747825481088,299.8376400733556,100405.69272599755,295.2980387092532,99350.25905870658,7.920063310575687e-05,-0.2826826923396077,2.3941188006507796,0.6238937416901409,舞阳县
2016_06_04,0.32792308551880794,291.80508422059023,303.51447292415423,298.6907699362779,100574.59749254587,294.1827628451099,99515.7554157322,0.005333719778322588,0.024520070356961465,3.0654343707063423,0.6460176332394366,舞阳县
2016_06_06,0.25794625084661166,292.381015178293,299.35535400169175,295.7062446974446,100926.13253085456,293.10004665131703,99860.63785898358,0.0005163209840890676,-0.9838429151422853,-0.3718378086967511,0.6548671898591549,舞阳县
2016_06_09,0.3064034633394559,291.69133752136906,303.53275440913677,299.2056226641044,100669.02751013181,294.43957683282696,99610.91867574348,1.318402573178313e-06,-0.9635169353082925,2.513825814788731,0.6681415247887323,舞阳县
2016_06_11,0.26091772203381924,294.6513878968324,305.0751981087773,299.9529263889281,100556.80786306092,295.24569169733576,99500.2009398211,0.003047737812296555,-0.7442673680211331,-1.6831196666393864,0.6769910814084507,舞阳县
2016_06_13,0.32566042483953267,294.81886247387183,307.2581338874155,302.48990618921823,99799.53455144701,297.33957282678733,98754.77806986141,0.000181854060951534,1.20151280395958,3.6523302341195505,0.685840638028169,舞阳县
2016_06_16,0.35599921792544537,286.5195606357054,308.1985432963391,302.3473516295619,100174.49030084022,297.2331083325838,99126.03647659464,1.8003153444209118e-06,2.1052279489637136,2.9961428190693544,0.6991149729577465,舞阳县
2016_06_17,0.34475757537725393,289.45751480181946,308.45379098068355,302.674026047947,100002.48779812579,296.26910059605694,98955.89886129786,0.0,0.757904353601666,4.258907612688744,0.7035397512676057,舞阳县
2016_06_18,0.33765571799203553,294.13654865706127,308.56555073004955,303.8031712871952,100251.8271084623,299.41919402841165,99204.76766183,2.0976212186625358e-06,-0.5790255390539766,2.227571788420684,0.7079645295774648,舞阳县
2016_06_19,0.32648297471232424,295.4986644174599,306.3288892209665,301.4552392576209,100271.2874727758,296.6937701160663,99220.74570901234,0.0018395984546728755,-0.8474004841084184,2.14917295829049,0.712389307887324,舞阳县
2016_06_20,0.33212779541186227,296.3612128385698,306.09117194984924,302.04487637239345,100115.6778264349,298.83042705425987,99066.91572053272,0.0005867826973706402,-0.09594131913985551,2.271410116271027,0.7168140861971831,舞阳县
2016_06_21,0.42262625156843137,296.62688430969365,307.94182701944055,303.72387730417176,100075.76087137825,299.8222517165512,99031.35924274675,0.0007327025245383178,-0.14956220738750867,0.22801901028464577,0.7212388645070422,舞阳县
2016_06_22,0.3852721180272134,297.8931249290818,309.951385288846,305.3050199118298,100092.11932029002,301.7277176933882,99048.82364449477,0.0007590635278414231,-0.9083327760943511,2.064028040755487,0.7256636428169014,舞阳县
2016_06_24,0.42074552876269117,292.38782101222927,302.8144566493017,298.3850555112508,100828.17942076152,294.63278027060835,99766.30028425601,6.949058626537708e-06,0.535542108640599,1.0084776223503793,0.7345131994366197,舞阳县
2016_06_25,0.4151642701693374,291.6103170912675,305.2753895888913,299.53389995063816,100907.53532770298,294.025852851776,99846.003167873,1.3819700224938883e-06,0.9773248559978667,1.610884272938007,0.7389379777464788,舞阳县
2016_06_27,0.4242342076859837,291.0212080110535,303.59385128056914,298.78084465198145,100459.28884330716,294.41622638527394,99401.41373401048,0.0,-0.16595252204687555,2.8767295788206453,0.7477875343661972,舞阳县
2016_06_28,0.4842626989035479,292.1977801628514,305.92667563138883,300.42230015118616,100442.46884767766,295.24638313782924,99386.12096719984,4.8185541977247734e-08,0.4672334469784129,3.6515906729229464,0.7522123126760563,舞阳县
2016_06_29,0.4093057028646091,295.1210665998908,306.769961891226,301.66832474212646,100373.0823633912,296.391854199667,99321.157983899,2.1302340074831354e-08,1.0762728152493573,3.7425481505859284,0.7566370909859156,舞阳县
2016_07_01,0.38235469101126546,294.4789672303087,305.5548891096907,300.41560356086444,100210.52917778834,295.905630317931,99158.89013706754,0.00010701984210742498,-1.473620405751785,0.6775022461405193,0.7654866476056339,舞阳县
2016_07_05,0.7245461507024058,291.4828733496612,304.8467055380604,299.6522998693937,100931.92587678527,294.5347992163638,99871.2776284142,1.862645149230957e-09,-1.868501206942933,0.6082996199212274,0.7831857608450704,舞阳县
2016_07_09,0.6433629843852167,296.5254882174127,305.25518260399286,302.2116452821141,100204.61905527655,299.4244290220071,99154.9513865867,0.000510869832454611,-3.183090854723613,0.5913178849412832,0.800884874084507,舞阳县
2016_07_11,0.6627530052636207,296.0884374999213,307.7110833370299,303.2128942556255,99951.59534771761,299.6019864423009,98906.3029210293,0.0001569643123553219,-1.0680397951622327,1.3245831671562254,0.8097344307042253,舞阳县
2016_07_13,0.5900363119133981,294.7528248520588,306.50854202012135,302.4899463062102,100262.41550528373,299.33375697884514,99212.74841001992,0.001182010952105463,-1.62177518098909,-2.8827444468753107,0.8185839873239437,舞阳县
2016_07_17,0.6955304739169661,297.7475209310083,307.1539260845018,302.3810078051545,100387.06959543547,298.31297602294796,99335.2217034237,0.001104962508712076,-1.6822814861369577,-0.02739608816241822,0.8362831005633802,舞阳县
2016_07_21,0.7452453796507649,299.03339950601753,306.7513667686266,303.17896353122,100010.44258158306,299.44135807222665,98965.67333933785,4.007354083035774e-05,0.863894745829166,3.0623237259966762,0.853982213802817,舞阳县
2016_07_22,0.7957939730583581,299.710250558753,307.9842538773063,304.2884085078963,100077.57292261632,300.4082043848927,99034.8365779173,2.4740181700740772e-08,0.7270944053913178,2.647184435397858,0.8584069921126761,舞阳县
2016_07_23,0.8411325752524994,299.2355109748769,307.87733111674703,304.3229106499205,100138.33754531141,300.5878085459017,99094.65830153509,3.2596647317535685e-05,-0.10464733036453641,2.8309544685295136,0.8628317704225353,舞阳县
2016_07_24,0.8085286529742592,299.21576219906336,308.77393457820546,305.2039011087087,100280.22291652548,301.8249882880949,99235.93423847127,1.9391234477051176e-05,-0.027249151475886708,3.305161475047711,0.8672565487323944,舞阳县
2016_07_25,0.839401873315756,299.29324637701194,309.27342545644433,304.5965641167574,100338.16605810855,300.21030141209997,99294.24401318633,0.008420860541872554,1.6029878259473396,0.7700933183041844,0.8716813270422537,舞阳县
2016_07_26,0.8278612731133289,297.3715810198913,309.5816951281846,304.16893188486915,100324.30202280715,298.9311676941164,99279.47608241365,0.0017718858013365062,0.8238919218456477,0.37107046749458766,0.8761061053521128,舞阳县
2016_07_27,0.44505150237623553,297.0054438314526,305.55012089326743,301.7368974684014,100265.40407138692,298.3809376365424,99218.38215114288,0.004639625723118592,1.0628842518653385,0.5351996444164993,0.8805308836619719,舞阳县
2016_07_28,0.7853411962931761,298.7950407151257,309.03010065472796,304.3700342795918,100150.53357897917,300.4650045526389,99107.5818894773,1.862645149230957e-09,0.9961175495816533,2.1884078887245595,0.8849556619718311,舞阳县
2016_07_29,0.7847936413020122,300.21809448394913,309.92678131512486,305.6004414590312,100293.76024864067,301.37003490996636,99251.43757109,5.189231662232279e-07,-0.2767410770732306,1.7886552076573392,0.8893804402816902,舞阳县
2016_07_30,0.7876880175526335,298.8212932757263,310.3630402775173,304.6821551399674,100522.94379204256,299.9096411786092,99475.7222244252,0.0009529834844710324,-1.5621251844437052,-0.13277588206006205,0.8938052185915494,舞阳县
2016_07_31,0.7863129835750383,298.7092944719989,309.3218676063551,304.5560593384909,100579.30462093513,300.8098029470484,99531.20701213542,0.00012918871848729383,-1.8738864429200204,-0.1194338324244782,0.8982299969014085,舞阳县
2016_08_01,0.8167036503161802,298.56649222372323,308.42412813280083,304.21236809862006,100576.54034971033,300.2382892576495,99526.54889597255,0.0029776546144623,-2.1998167138842106,-1.6772127498948628,0.9026547752112677,舞阳县
2016_08_02,0.7369697089582468,297.4094995744141,306.1634330798003,302.26852178708765,100682.55413480382,298.88685193191776,99627.27723538606,0.005862290743402743,-1.6583639529264456,-2.255797393312782,0.9070795535211268,舞阳县
2016_08_03,0.3668882993922845,296.5795120725445,304.94425272244274,301.0144687988638,100751.92317314462,297.1462409561071,99694.70156056689,0.009779713542266597,-1.2086060323074173,-1.2435742402304673,0.9115043318309859,舞阳县
2016_08_05,0.27875339142173716,297.1831694909914,303.77367484064075,300.42311686711713,100706.93417460333,297.8043775707592,99649.2301756327,0.001852949933952033,-0.5642830411917598,-0.980303110173919,0.9203538884507042,舞阳县
2016_08_10,0.6953168911649819,298.69497654996337,306.5041775796633,302.45625357262765,100601.20394075266,299.52529847162674,99547.60248267624,0.0008096417682389016,-1.7880744752877311,-0.8435162823682515,0.9424777799999999,舞阳县
2016_08_11,0.5197300390684503,300.09909628344207,306.48510707515976,303.0739261506086,100561.62433951114,300.53275073688,99511.32491261348,0.0010921089009707041,-1.50057495057298,-0.2686580677448131,0.9469025583098591,舞阳县
2016_08_12,0.7812788849941564,299.36098243116044,308.94611383272945,304.2821117870861,100352.1202219976,300.5546540336342,99305.9153946935,4.491209415464768e-05,-1.8528663112432187,0.5400239281483986,0.9513273366197182,舞阳县
2016_08_14,0.7589664645245441,299.813570058439,308.9372876422247,304.72984693225345,100279.73950440048,300.36993024311516,99233.77486639067,0.0013171839670766444,-2.1868706475171873,-0.912080834688239,0.9601768932394366,舞阳县
2016_08_18,0.7683150985154258,298.7742837319955,309.2149248859275,305.06144771497225,99968.8171569075,301.2660624868641,98928.17680416026,0.0001118870685338616,-0.6110786817625983,2.030915189880479,0.9778760064788732,舞阳县
2016_08_19,0.7958057185523107,297.053751046882,310.8351577709184,303.7443783595921,100363.28094337067,298.55073064611594,99314.14604301745,0.0014437711203784474,-1.1093737372828463,-2.2519542668405754,0.9823007847887325,舞阳县
2016_08_21,0.8022924628506003,293.8904723311406,306.4940118224529,302.417457666877,100749.83336536847,298.70983966449,99694.3594426813,0.0011229464164846889,-1.826457152877003,-3.0180931119857823,0.9911503414084508,舞阳县
2016_08_23,0.6195726106687472,298.38420892277554,306.9128679939887,302.8338836763737,100466.77753162348,299.7880653206557,99416.0742974622,0.0005181908164976375,-1.4447575191328363,0.2981400169029611,0.9999998980281691,舞阳县
2016_08_24,0.6730511937634989,298.99929105932495,309.5412698922962,304.9235352655566,100275.12795595458,301.2193139458003,99229.26951691335,0.00046862638509075885,-1.244374775954377,1.3397976751984162,1.0044246763380282,舞阳县
2016_08_25,0.7909317431530049,293.59277928169485,308.63923816880174,297.93714201186884,100891.08579796548,293.3656757210183,99828.27807971706,0.022846090505912506,-1.626959669689615,-4.8651834009063775,1.0088494546478874,舞阳县
2016_08_27,0.7885067655223846,288.5112391154668,303.77338518067853,297.1431211438224,101322.6936328562,290.8255150031626,100257.59049696787,4.284083843231201e-08,-0.146665307474768,-1.4175711578075412,1.0176990112676056,舞阳县
2016_08_28,0.7676723613353637,286.57762499203363,306.0708774759914,297.980337181106,101148.74603081365,290.0991211740487,100086.84806080905,0.0,-0.8648790918271696,-1.4947281000878785,1.0221237895774649,舞阳县
2016_08_29,0.7696515482028523,286.61243777553875,304.6819812744718,298.02339582788335,101054.7830322198,292.4767790607739,99992.75463299057,0.0,-1.1205484398993433,-0.3947120365201697,1.026548567887324,舞阳县
2016_08_30,0.6863788925060893,286.9191216283258,304.91563080844304,299.54576198586346,100596.61803151514,295.16609774370835,99539.50438978225,1.862645149230957e-09,1.3639752863488117,1.609490420833283,1.030973346197183,舞阳县
2016_08_31,0.7010741410723282,288.5100720852275,307.8447451977609,301.55685374259343,99960.35350521786,296.45552826076124,98914.14383680317,4.284083843231201e-08,3.0947806480025255,0.6012893813096803,1.0353981245070423,舞阳县
2016_09_01,0.7025294101077106,281.9581736716733,310.1776597537627,302.0303000850142,99957.0745454206,294.2448813138093,98914.95941608185,0.0,2.6596853799220157,-1.3124846948785511,1.0398229028169015,舞阳县
2016_09_02,0.7373960718684583,282.05426713700615,311.07559098001525,302.4168484700941,100230.30507316464,296.0634413530218,99186.6750955978,0.0,1.0720737079607212,0.8300537774517841,1.0442476811267607,舞阳县
2016_09_04,0.7019797343045222,289.14484727329227,309.2385323681607,301.55885931637766,100895.91164997063,294.6546768290651,99842.05287675481,0.0,-1.5012163432814563,1.2456548955935312,1.053097237746479,舞阳县
2016_09_05,0.6615363763081248,289.02549933730387,307.1381634147133,300.9549295764468,100936.53490348949,296.86277266075723,99881.4388995273,4.6474346406631615e-07,-1.1988105306518089,1.22493687470782,1.057522016056338,舞阳县
2016_09_07,0.7152515628991188,286.9707587181123,305.6218207084252,299.69197916733964,100758.11314089832,294.5592193058801,99701.44258542928,5.421551161877089e-07,1.6941291603781738,-1.6970961928529982,1.0663715726760563,舞阳县
2016_09_08,0.6128211749828949,285.33212964698436,309.06826872322455,301.6390028272958,100761.4020872629,294.68446129676795,99709.13721413333,4.284083843231201e-08,0.4201438441501998,1.6019757045963217,1.0707963509859155,舞阳县
2016_09_09,0.609406948120743,286.8762777513677,308.9649530253761,302.4905170825947,100872.3440458845,298.0697958748021,99818.1231284119,7.639508534241456e-06,0.08938668451080657,0.12173641315635987,1.0752211292957747,舞阳县
2016_09_10,0.5509487407123973,286.6725388110466,307.9765918880488,301.02232750934036,100952.52712670335,294.34091433082665,99897.6267379432,4.284083843231201e-08,0.6198038121052212,-0.5354393463200802,1.0796459076056337,舞阳县
2016_09_11,0.5394246549433278,287.1571311388891,308.6333697966366,301.4569503324527,101099.7090040941,294.99900861830736,100041.34122346985,3.6166625764774617e-07,-0.28638776385040654,-1.1652302421879268,1.084070685915493,舞阳县
2016_09_14,0.5356796352828224,290.8768044509809,305.91953128695224,300.77250874087343,101435.01700069812,296.7439909381359,100370.25440053856,1.4384294173565268e-05,-2.0788151685024086,-0.4540876702993407,1.0973450208450704,舞阳县
2016_09_15,0.3461619154963439,290.29659340489127,305.33631610963107,300.0173997336616,101223.31282954573,295.2973078650772,100159.96103370826,3.977332203780225e-05,-1.8661407075844263,-0.9571770413883058,1.1017697991549296,舞阳县
2016_09_16,0.45001995878514367,289.1761709440827,305.71378371145175,299.569000831497,101120.76274473808,293.68812919932924,100058.65946356962,5.539677002393496e-07,-1.4769351403881543,-2.019142259870264,1.1061945774647888,舞阳县
2016_09_17,0.3840821083414434,287.75304608150884,306.20104162440754,300.3151814499647,101348.53830218456,295.40609490560064,100284.38684612265,4.284083843231201e-08,-1.982253480858781,-1.5145026119541303,1.1106193557746478,舞阳县
2016_09_18,0.24747257214688093,289.2555140553454,304.2358317287132,298.1492400637292,101563.72312917224,293.15839380814106,100492.14284795095,0.00030498041861697073,-2.44461737917228,-3.447217068489839,1.1150441340845072,舞阳县
2016_09_20,0.3253765896787581,283.77082917837186,301.30463209821323,296.4640518572378,101934.69891413499,292.7630551138762,100859.08612532729,3.679314592026747e-06,-1.3070737593813944,-0.20710577637902275,1.1238936907042254,舞阳县
2016_09_21,0.33797751333670795,283.2952452339502,303.1342856795534,297.10257845329454,101732.63692750165,291.1408815607172,100661.18244768692,1.862645149230957e-09,-0.6384800187013232,1.8339594256519187,1.1283184690140846,舞阳县
2016_09_22,0.31386229902978985,283.6379606134049,304.7953414447728,298.7154000016811,101420.1666930349,293.42535706225226,100353.36627941589,4.284083843231201e-08,-0.7437831032184463,2.474300651729041,1.1327432473239438,舞阳县
2016_09_23,0.32336246667554774,284.44259474859047,306.5321166011167,299.6206258824354,101099.36730074207,293.483226927321,100038.74616367344,0.0,-0.40762567302867087,2.268157498702484,1.1371680256338028,舞阳县
2016_09_29,0.300783011238679,282.0613511010746,295.38194777544436,292.15583762617416,101714.7352612992,287.794944724628,100631.62596798834,0.00017596395063925962,-1.1133121639475885,-2.1394276643787964,1.1637166954929579,舞阳县
2016_09_30,0.2669872452959857,283.33243493907435,298.0039127234443,293.5955583253087,101477.16991687453,290.2765445996249,100398.60622307197,0.00016514448158472787,-1.321084414242107,-0.044597770872651196,1.1681414738028169,舞阳县
2016_10_02,0.3267410781014924,292.03836554140827,300.86987609347403,295.9225115013391,101161.33188725826,292.1411466086334,100093.92199721091,0.00036394697643269547,-0.21800366762946388,0.699619368743763,1.1769910304225353,舞阳县
2016_10_03,0.29415158807321895,291.4964106785866,304.36949344118653,297.66581819309124,101104.97757909267,292.3752321792584,100039.44687150307,6.015282661992711e-08,-0.6174275167818188,2.618800362220534,1.1814158087323945,舞阳县
2016_10_04,0.30908005851835635,288.0883749849831,303.6637154854154,298.1464298626875,101254.46877944075,293.84671102957685,100188.4027763393,1.862645149230957e-09,0.05406871412942777,-0.49483172625328997,1.1858405870422535,舞阳县
2016_10_05,0.2657637878229886,285.54291312095256,300.5726567751985,296.67418313775266,101763.96293748442,292.94224121196424,100688.75203675094,0.0019921590548756594,-1.9352586645728602,-2.9104274269767054,1.1902653653521127,舞阳县
2016_10_09,0.05556401278733445,277.0618125298633,292.4583843768536,288.90166879602964,102255.17581179466,285.7992699945483,101159.93564025116,0.0,-1.3536990911543887,-1.6571205309824064,1.2079644785915493,舞阳县
2016_10_16,0.2535801666098568,286.8623475661153,296.10519715995787,290.728770924987,101960.26735277807,286.55865791084193,100876.9748786796,2.8224792948205654e-07,1.413958738756009,-0.17707648236456414,1.2389379267605634,舞阳县
2016_10_17,0.27398582344962885,287.6420852645544,298.34781061455857,292.27094081246196,101869.64536832698,287.73717017674,100787.74633357897,0.0,-1.3297733038115747,0.28486095722869026,1.2433627050704226,舞阳县
2016_10_18,0.28953132717762664,287.4416788607976,296.69563585735324,291.83341357600284,101795.52967246699,287.52041786536336,100713.85521455141,2.536716224053243e-06,-1.1031471291745705,-0.561671078527699,1.2477874833802818,舞阳县
2016_10_19,0.24163124165523941,289.7007167936839,297.79482227713237,293.78903341832637,101487.52330915687,288.91839587990523,100410.84827588094,0.004478892112040213,-1.325809416191843,0.43009028231923485,1.252212261690141,舞阳县
2016_10_25,0.2761261134658072,284.06867890316704,288.5324957715282,285.94440486455005,101667.64643689197,281.49590027307204,100570.4617899515,0.005395684487113538,-0.8661460793718792,-0.5074948363250499,1.2787609315492958,舞阳县
2016_10_31,0.3235591877108971,275.980296790996,284.84068241486506,281.88969763440116,103403.48058459262,279.40493056177,102266.50909229949,4.284083843231201e-08,-2.0604620467813373,-3.2002787209026624,1.3053096014084506,舞阳县
2016_11_02,0.31184033580239473,281.0652609631603,287.45242430359616,283.97748970104755,102694.61994135345,281.47391005225717,101582.53358208158,4.284083843231201e-08,1.3132193899169708,1.8180394545501446,1.314159158028169,舞阳县
2016_11_03,0.44408422756027205,283.1583329508529,291.32711302723055,286.745353252431,101838.01116170699,281.6376968211373,100741.04145511315,0.0,2.558934242176075,3.2510316563867816,1.3185839363380283,舞阳县
2016_11_04,0.3585042657882942,284.9048919084679,293.34208829893356,288.6541469577684,101015.67450987372,284.0906267794472,99934.2543924759,0.0,2.498158952832094,2.8477346285905245,1.3230087146478873,舞阳县
2016_11_05,0.42470014602060896,286.23707180799136,295.82123187402755,289.7617896032959,101339.33753776303,285.7856753740921,100257.25820843014,8.525120027299461e-05,-0.899440056232205,-0.6662919018032558,1.3274334929577465,舞阳县
2016_11_10,0.42905575308547245,279.6769672916869,289.72944160142254,284.8335070357574,101856.72036070406,278.689734608276,100750.65142060044,4.284083843231201e-08,3.140150807996629,3.5106271796004553,1.3495573845070423,舞阳县
2016_11_11,0.44482318908912666,281.56261727903825,290.61576420470413,285.78582941756895,101487.48696721527,281.93598693923667,100392.26270379956,9.113223848559135e-06,1.827883042048166,2.9379838998908183,1.3539821628169013,舞阳县
2016_11_13,0.13510633444002595,282.1635789632271,290.2596111883881,284.3495954068762,101663.41787558855,279.9114388693831,100571.7537581775,1.862645149230957e-09,0.49209100179859283,0.9256018877719162,1.3628317194366197,舞阳县
2016_11_14,0.39129027534548444,281.54416758185437,292.68718608957323,286.27109178115,102138.79756684344,281.44801757356197,101038.2907029862,2.0395026819793217e-06,-0.658124762141597,-2.6698643690669144,1.3672564977464787,舞阳县
2016_11_15,0.4449083881080523,279.49089517998567,288.2423007589805,285.273462877595,102216.81229335038,282.0762714838651,101109.66505484194,2.609200017933231e-05,-1.4241545335959882,-0.9756102133434077,1.371681276056338,舞阳县
2016_11_19,0.4203937902961537,283.4685800496158,290.3971251108397,286.797590081705,101881.03724451756,284.0315084522718,100783.36010670257,0.00020785884024343505,-0.8440798291751657,-2.5806315614765807,1.3893803892957748,舞阳县
2016_11_24,0.3464876071431336,269.9799035896549,273.9299980074774,271.27635083350765,102981.21133068141,264.64212184426333,101816.62003822769,4.21124489553355e-08,0.4734242267860153,1.3431445336742256,1.4115042808450704,舞阳县
2016_11_25,0.49020244410907177,271.7401077215123,278.13140443636524,275.74560178738096,102675.71831309343,270.4991043910081,101529.45810625418,9.645195799303875e-05,1.7062029492462014,0.3336200006077392,1.4159290591549296,舞阳县
2016_11_26,0.5272140052567815,272.26091138302354,285.04063545195413,279.5455065668376,102391.36355534712,276.6397935031616,101268.30143850701,8.568167686462402e-08,2.6104790597214222,0.4245411159753251,1.4203538374647888,舞阳县
2016_11_27,0.528873479019952,273.3908015110045,287.9850297473209,281.1886455277209,102869.15570936735,276.08395698404166,101741.38954952275,0.0,-0.8234982398690248,-1.519476416148932,1.424778615774648,舞阳县
2016_11_28,0.296803907843801,274.8193575900172,283.2451356281112,279.4037470066102,103187.2561998391,275.9282019783,102048.70667288796,2.328417755885775e-05,-1.271808444874958,-1.1288239983046788,1.429203394084507,舞阳县
2016_11_30,0.5026628224272816,274.0137302670158,288.44654580449196,280.8308685582492,102790.77399395172,275.734030580314,101674.15412482871,0.0,2.413702993316481,0.12869280439062727,1.4380529507042255,舞阳县
2016_12_01,0.5376498549400348,275.300990015373,286.3785639660375,280.3922910551306,103184.69395135203,275.94125460698837,102056.38758327173,0.0,-0.8160530462463983,-1.8519791990458994,1.4424777290140844,舞阳县
2016_12_02,0.3942209044151128,278.32906487765575,286.54428549815776,281.90615856244546,102849.88205988292,276.58807919234886,101728.04413330823,0.0004690607536362208,-0.5809932604743935,0.9300635378919329,1.4469025073239437,舞阳县
2016_12_04,0.5801420495635178,278.68931333906954,290.9947180451767,284.7955315896884,101690.43398045814,278.30692594242487,100591.03280076977,0.0,2.3715334922474915,2.2575859873495157,1.455752063943662,舞阳县
2016_12_05,0.491623944052783,274.2408642497411,286.9845121186876,280.2042263076791,103068.94972488057,274.74334174550603,101938.21665210847,4.284083843231201e-08,-0.30797469380343007,-1.2357190796253568,1.460176842253521,舞阳县
2016_12_06,0.5631608608504118,272.48234649232126,285.74729528602285,280.9004584473205,102417.72252242282,275.0749443018052,101297.29227550494,0.0,2.6539874588059535,2.3646212524508146,1.4646016205633803,舞阳县
2016_12_07,0.5934107895421243,272.27102728483504,288.78702051715277,282.3814649656443,102249.05561656084,278.0141484270015,101139.80457374436,0.0,-0.3552775125600194,0.16516579583744875,1.4690263988732395,舞阳县
2016_12_08,0.5902961333622626,274.3603962043804,291.8868421102103,283.8370316216437,101813.69203662267,277.5427202279465,100706.56338012521,0.0,-0.06376938965236557,-0.5391366189125151,1.4734511771830985,舞阳县
2016_12_09,0.4012461327021156,269.84954268064257,283.13484996585316,279.7419134334414,102611.74044717391,275.5030348945583,101473.59790031427,0.000975442314441528,-2.2581139341042396,-2.8553018308892213,1.4778759554929577,舞阳县
2016_12_15,0.5121764711646736,271.9069132263979,284.75172204174345,276.8982707701178,103369.5366226199,271.59512427613555,102228.04575016079,0.0,0.09520303040972276,-0.8212170090462874,1.5044246253521125,舞阳县
2016_12_16,0.5351773663166316,271.255682173295,284.69233994011734,278.99959791515613,102765.46018977206,271.15667375159546,101630.96308549598,0.0,1.025524416872991,3.027098339414021,1.508849403661972,舞阳县
2016_12_17,0.5734945766319854,275.05607891356834,285.0820246209828,279.8867373197492,102243.67067434748,276.4604185762955,101122.05270126331,0.0,1.4093435169277369,2.333620700349009,1.5132741819718312,舞阳县
2016_12_22,0.660596888461801,271.8439218453175,286.10608473601746,279.2651748757831,102550.5843947558,274.8354419692667,101429.7844546162,4.470348358154297e-08,2.0553072926469813,-1.092387247596816,1.5353980735211268,舞阳县
2016_12_27,0.6458781229578986,269.4547972245815,279.4244928264441,274.1253195009869,103360.2333458092,270.78073140443337,102201.25978558238,0.0,-0.7929741848335534,-0.34359141050496317,1.5575219650704226,舞阳县
2016_12_28,0.5501107767331951,271.4867415427689,279.0826661012409,273.76682598673585,103406.50394333321,269.3565144746416,102241.98245855211,2.83471573822252e-08,-0.44584944992787184,-1.0652105826720661,1.5619467433802818,舞阳县
2016_12_29,0.5191639947212816,269.93166012021175,275.6808071405041,272.1054975304875,103479.80706375773,269.391271791324,102308.52464193635,4.284083843231201e-08,-0.9172652234483236,0.9621809602336174,1.5663715216901408,舞阳县
2016_12_30,0.39296831113098685,271.8954937196152,279.54321997059947,274.6698023818094,102916.88719043761,270.9256688901956,101771.09160222685,0.0,0.7045254058886732,1.5065264701519834,1.5707963,舞阳县
